성별,측정일자,키,몸무게,머리둘레,목둘레,화장,젖가슴둘레,배꼽수준허리둘레,엉덩이둘레,샅높이,발길이,발폭,희망치수신발,윗가슴둘레(겨드랑이),허리둘레(윗허리),어깨가쪽사이길이,팔길이,등길이,다리가쪽길이,총장
남,2021.6.16,169.2,55.6,54.1,34.7,60.3,86.4,67.5,89.1,77,0,0,260,86.8,70.8,40.5,39.4,32.5,99.5,142
남,2021.6.16,182.7,66.6,55.8,36.3,87.5,90.6,75.7,93.9,84.5,0,0,280,95.9,75.2,54.9,61.9,37.5,106,153.5
남,2021.6.16,177.7,79.7,58.5,38.3,77,98.6,85.2,104.3,80,0,0,270,104.7,85.8,57.4,50.6,38,102,150
남,2021.6.16,171.3,69.4,56.3,37,77,93.9,78.5,96.6,76.5,0,0,270,94.7,80.5,54.2,50.9,35.5,99,144.5
남,2021.6.16,173.8,63.9,55.5,36.1,62.3,89.9,74.2,93.1,77.5,0,0,265,89.6,75,47.5,39.6,28.5,108,146.5
남,2021.6.16,171.7,81.5,58.9,39.2,0,100.7,0,102.9,76,0,0,265,0,90.2,0,55.3,39,98.8,147.8
남,2021.6.16,170.6,65,57.6,36.6,75.7,88.6,76.9,97.2,77.6,0,0,260,96.7,0,53.4,54,45.9,44.5,147.4
남,2021.6.16,177.9,85.6,60.2,39.3,82.8,102.4,95.3,106.4,82,0,0,270,105.5,91.2,57.9,55.5,34.5,107,151.5
남,2021.6.16,171.3,65,58.6,41.9,79.8,105,92.6,108.4,81.2,0,0,265,110.9,0,58.1,56.1,44.3,48.4,150.4
남,2021.6.16,177,92,59,39.9,86,105.7,90.2,108.9,79,0,0,0,113.9,95.5,65.4,53.7,38,103.5,151.5
남,2021.6.16,185.2,65.5,52.7,36.3,71.5,89.2,74.7,93.5,83.5,0,0,270,88.1,73.3,58.6,43.5,42.5,103,155.5
남,2021.6.16,185,76.8,60,37.4,83.6,95.6,84.2,94.5,85,0,0,275,100.8,80.8,55.7,57.4,43.5,105,158.5
남,2021.6.16,167.3,71.6,59.5,37.5,73.9,95.6,83.3,100.1,72.5,0,0,265,94.3,83.8,52.8,47.9,38,92,140
남,2021.6.16,170.4,65,57.5,42.8,77.4,93.3,84.3,105.3,77.9,0,0,260,101.5,0,55.6,54.7,43.5,46.3,146.6
남,2021.6.16,182.6,65,58.5,39.5,81.8,99,91.4,104.8,84.6,0,0,275,103.4,0,55.6,59.3,47,46.3,159
남,2021.6.16,177.3,65,58,41.8,84.6,98.2,83.8,101,83.4,0,0,260,106,0,62.5,59.1,45.1,52.1,154.2
남,2021.6.16,169,65,57.9,39.6,79.6,99.3,85.9,98.4,78.5,0,0,265,105.4,0,56.5,56.6,44.6,47.1,147
남,2021.6.16,177.2,68.1,57.3,36.7,81.6,92.1,75,98.8,79.5,0,0,265,89.7,77.3,53.1,56,39.5,101.5,151
남,2021.6.16,179,72.8,57.4,37.3,83.6,94.5,77.4,96.5,81.5,0,0,275,98.5,80.1,58.8,55,37,104.5,151.5
남,2021.6.16,177.6,72.3,54.4,37.3,67.5,94.6,80,98.5,80.5,0,0,270,98.3,80.3,50,44.6,31,110.5,151.5
남,2021.6.16,180.7,65,61.4,43.4,84.3,113.8,99.6,114.8,84.7,0,0,280,116.8,0,62.3,59,46.2,51.9,157.7
남,2021.6.16,181,65,59.4,39.2,83,89.4,78.2,97.7,85.1,0,0,260,100.2,0,58.1,59.4,46.6,48.4,156
남,2021.6.16,176.2,80.7,56,38.6,73.2,99.6,82.2,101.5,81.5,0,0,275,108.5,87.5,61,44.2,36.5,102.5,149
남,2021.6.16,179.6,61.7,55,35.6,69.7,88.1,71,88.5,82.5,0,0,275,89.5,72.9,59.6,40.4,33,109.5,152.5
남,2021.6.16,175.8,86.4,55.8,39.5,79.5,103.2,91.9,100.4,79,0,0,285,107.7,92.6,60.2,51.8,39.5,101.5,151
남,2021.6.16,175.1,65,58,36.1,79.2,87.9,71.5,93.1,78.8,0,0,260,94,0,52.7,57.8,46.5,43.9,152
남,2021.6.16,178.5,61.4,56.7,35.7,69.9,88.2,74.6,91.8,83,0,0,280,87.2,73.2,51.4,46.1,37.5,104,151.5
남,2021.6.16,168.9,71,57.4,37.3,79.2,95.2,82.9,97.3,74.5,0,0,260,100.3,82.7,55.7,52.5,35.5,95.5,141
남,2021.6.16,169.3,65,60.4,45.8,80.8,107.1,95.4,103.7,78.7,0,0,270,112.4,0,61.3,55.8,43.8,51,147.9
남,2021.6.16,165.4,69.5,53.9,37.3,65.3,94.7,82.9,99.6,69.5,0,0,265,95.9,82.9,56.5,37.9,38,91.5,139.5
남,2021.6.16,183.5,65,61.1,46.2,84.8,116,102.9,117.2,84.6,0,0,285,122.1,0,66,57.9,46.9,55,159.1
남,2021.6.16,174.9,69.3,56.2,36.8,75.3,93.2,76.1,93.2,78.5,0,0,270,98,78.9,62.4,45.5,38,99.5,147.5
남,2021.6.16,175.4,81,56.3,38.7,81.1,99.9,87.6,101.8,76,0,0,0,104.4,88.3,55.8,53.2,37,99.5,146.5
남,2021.6.16,173.9,70.6,56.3,37,81.8,94.2,79.9,96.6,72,0,0,260,98.3,80.1,48.8,56.8,37,100,147
남,2021.6.16,181.1,65,60.7,44.7,84.6,115.7,105,117.5,84.2,0,0,280,120,0,65.7,57.8,46.1,54.7,159.1
남,2021.6.16,170.3,61.8,55.5,35.8,64.5,89.6,73.6,90.5,74.5,0,0,260,91.7,74.4,53.4,38.7,38.5,95,143.5
남,2021.6.16,173.8,61.7,56.5,35.8,73.4,88.8,74.9,93.4,78,0,0,265,94.5,73.6,51.3,48.5,34,101,145
남,2021.6.16,174.5,75.1,54.3,37.8,65.7,96.8,81,99.1,79,0,0,255,108.3,83.9,55.3,39.1,38,99,147
남,2021.6.16,169.8,65,59.7,37.3,77.2,95.9,75.9,96.3,77.8,0,0,265,101.8,0,55.9,54.5,43.5,46.6,145.9
남,2021.6.16,171.9,65,62.1,46.1,80.9,110.2,100.4,115.5,79.8,0,0,265,117.1,0,63.2,55.1,42.6,52.7,148.3
남,2021.6.16,168.9,65,57.4,35.9,78,86.6,73.9,94.9,77.8,0,0,260,95.3,0,55,55.7,45.5,45.8,146.5
남,2021.6.16,176.5,87.8,58.4,39.6,76.3,104,89.9,108.7,77.5,0,0,280,107.9,93.1,58.9,47.5,39,99.5,148.5
남,2021.6.16,168.1,65,57.2,39.8,77.9,96.6,76.6,96.7,77.5,0,0,260,104,0,56.1,55,45,46.8,146.1
남,2021.6.16,170,63.3,57.2,36,81.5,90.4,74,95.1,71,0,0,260,97.7,75.7,56.9,54.1,36,96.5,142.5
남,2021.6.16,173.1,86.4,53,39.8,90.3,103.9,96.9,103.3,73.5,0,0,270,107.2,93.4,58.1,64.4,40.5,98.5,149
남,2021.6.16,169.9,69.4,55.9,37,65,94.1,81.2,96.1,70,0,0,265,95.6,81.1,45.8,42.9,40.5,93,143.5
남,2021.6.16,174.8,82.3,59.4,39.1,72.9,100.8,85.6,102.8,76.5,0,0,275,99.8,89.6,57.5,43.5,38.5,99,147.5
남,2021.6.16,178.2,65,60.6,41.7,84.6,107.2,90,106.4,81.3,0,0,265,115.7,0,61.7,59.5,47.6,51.4,154.4
남,2021.6.16,174.7,67.9,55.8,36.6,84.3,92.2,73.4,96.8,79.5,0,0,270,96.2,77.6,53.2,59,37,99.5,146.5
남,2021.6.16,174.1,65,61.5,41.3,79.7,95.4,82.7,101.2,81.3,0,0,290,102.1,0,56.4,56.8,45.9,47,151.1
남,2021.6.16,165.7,65,58.7,41.5,78,101,85.1,103.8,76.5,0,0,265,108.1,0,57.9,54.4,44,48.3,144.3
남,2021.6.16,172.3,54.3,58.3,34.6,75.2,84.9,68,88.9,79.5,0,0,250,89.4,69.3,46.3,53.8,34,102.5,146.5
남,2021.6.16,176.1,60.3,52.8,35.6,69.2,87.9,71.7,93.1,81.5,0,0,265,88.9,72.7,53,44.1,36,103,149
남,2021.6.16,174.2,65,58.9,38.1,80.5,94.2,82.5,97.3,82.2,0,0,270,99.9,0,57.7,57,45.7,48.1,151.2
남,2021.6.16,163.8,65,60.8,40.1,75.3,94.6,75.3,93.9,72.9,0,0,260,102.5,0,58.1,51.6,44.8,48.5,141.5
남,2021.6.16,174.7,80.3,59.1,38.7,80.1,99.6,87.3,102.5,78.5,0,0,275,104.9,87.9,53.8,55.3,39,98.5,147.5
남,2021.6.16,168.1,65,61,40,77.8,90.4,76.2,95.8,75.5,0,0,265,100,0,57.4,54.4,43.3,47.9,145.7
남,2021.6.16,169.7,59.3,56.9,35.3,79,88.3,69.4,90.4,78.5,0,0,260,95.8,72.9,53,52.1,31.5,100.5,142
남,2021.6.16,167.6,65,58.1,38.1,76.7,85,72.8,94.4,76.2,0,0,265,94.3,0,52.5,55.4,44.1,43.7,144.4
남,2021.6.16,171.2,65.3,54.1,36.4,68.4,91.2,76.9,94.4,75,0,0,260,96.8,76.7,58.6,40.5,37,97.5,144.5
남,2021.6.16,174.2,65,59.3,40.9,80.7,98.9,88.2,107.3,80.1,0,0,270,106,0,61.4,55.7,44.6,51.1,151.5
남,2021.6.16,167.8,65,57,36.6,76.8,81.9,71,92.4,78,0,0,280,89.6,0,51.5,55.8,44.9,43,146.5
남,2021.6.16,168.9,63.6,58,36.1,79.1,90.9,73.3,95.2,75.5,0,0,270,97.2,76.4,54,52.5,30,103.5,143.5
남,2021.6.16,171.3,67.4,60.2,36.7,80,92.5,73.8,94.5,80,0,0,265,103,78.5,56.6,53.6,29,105,144
남,2021.6.16,184.2,65,61.2,42.6,83.5,96.7,87.1,109.4,83.9,0,0,275,108.1,0,58.6,59.7,47.2,48.9,159.4
남,2021.6.16,177.5,79,57.3,38.3,66.7,98.2,82.8,98.9,76,0,0,280,101.3,85.2,52.3,41.6,41.5,99,150.5
남,2021.6.16,167.7,65,59.7,42.6,80.4,103.8,93.8,103.9,80.4,0,0,265,110.5,0,57.7,56.9,42.8,48.1,147.5
남,2021.6.16,174.4,65,59.7,38.8,81.6,91.7,73.7,96.5,78.7,0,0,265,103.2,0,62.5,56.1,47.3,52.1,150.7
남,2021.6.16,172.1,65,60.2,39.4,77,98.6,81,101.6,75.9,0,0,270,103.9,0,56.9,53.8,44.8,47.5,148.3
남,2021.6.16,171.2,65,59.5,40.8,79.2,96.5,81.2,101.3,77.4,0,0,265,106.5,0,59.1,55.1,44.5,49.3,147.9
남,2021.6.16,177.5,64.9,54.1,36.2,64.3,90,76.3,94.2,79,0,0,265,91.9,74.8,48.5,39.2,37.5,101.5,149
남,2021.6.16,183.3,79.5,57.8,37.9,86,98.1,83.7,99.9,86,0,0,280,105.8,83.5,59.1,58.5,36,111,157
남,2021.6.16,168.1,75.1,58,38.1,77.9,97.6,87.7,101.1,72.5,0,0,260,102.3,86.7,53.1,52.6,38,93,141
남,2021.6.16,173.2,63.8,55.4,36.1,81.3,90,74.5,93.3,79,0,0,255,94.7,75.2,51.8,56.7,36.5,99,145.5
남,2021.6.16,175.7,86.5,59.3,39.5,87,103.2,86.3,104.6,81,0,0,265,110.6,92.8,55.8,62,40,99.5,149.5
남,2021.6.16,171.5,65,58.3,38.5,79.1,94.1,78.1,98,79.8,0,0,260,102.3,0,56.7,56.1,45,47.2,150.2
남,2021.6.16,170.2,65,59.7,40.4,78.8,97.4,92.1,98.6,79.9,0,0,265,103.1,0,56.8,55.7,43.7,47.3,149.6
남,2021.6.16,180.3,65,59.5,41.3,81.4,107.3,91.8,106,81,0,0,280,114.2,0,60,56.9,47,50,156.1
남,2021.6.16,174.5,59.8,60.3,35.5,77.5,87.8,69.7,91.6,80,0,0,270,91.5,72.5,54.4,51.4,34.5,103.5,148
남,2021.6.16,176.2,65,59.9,39.1,81.1,98.9,86.1,106.2,79.3,0,0,270,107.2,0,60.1,56.7,47.2,50.1,153.7
남,2021.6.16,164.7,65,59.2,40.2,76.4,96.6,91.3,104,76.5,0,0,260,98.9,0,51.3,55.6,42.8,42.7,141.9
남,2021.6.16,176.4,64.9,54.2,36.2,83.2,90,76.1,91.5,80.5,0,0,260,93.9,75,54.7,57.2,35,104.5,149.5
남,2021.6.16,177.2,101.6,58.3,41.7,86.9,110.1,101.8,109.8,78,0,0,285,113,103.5,61.7,59.6,31,109.5,150.5
남,2021.6.16,171.6,69.7,55.8,37,77.7,94,81.6,94.8,77,0,0,260,101.8,80.7,53,53.2,38.5,96,144.5
남,2021.6.16,184.9,65,60.3,40,84,94.8,81.8,101.9,87.4,0,0,280,100.8,0,56,61.3,48.8,46.6,162.5
남,2021.6.16,167.1,69.6,56.3,37.2,78.3,94.6,80.9,96.8,74.5,0,0,260,98.8,82.3,54.9,52.7,36.5,95,141.5
남,2021.6.16,171.7,82.1,58.8,39.3,88.3,101.1,88.7,101.3,72,0,0,280,106.6,90.7,59.9,60.6,41,94,145
남,2021.6.16,180.2,86.8,57.8,39.2,91,102.7,87.3,102.8,77,0,0,290,111.3,91.7,64.6,61.5,38.5,104.5,153
남,2021.6.16,181.5,73.7,53.6,37.3,72.7,94.7,81.5,100,78,0,0,270,98.6,80.1,46.9,50.1,38,105.5,153.5
남,2021.6.16,168,57,54.6,34.9,75.7,87,68.6,89.9,74,0,0,250,90.5,71.9,51.2,51.3,34.5,96,140.5
남,2021.6.16,178,74.5,57.8,37.6,82.4,96,79.1,102.5,83,0,0,280,100.3,82,52.3,58.1,38.5,102.5,151
남,2021.6.16,165.8,86.2,56.6,39.8,0,104,92.8,105.6,73.5,0,0,260,105,95.4,0,149.3,38.4,95.5,143.9
남,2021.6.16,178.6,76.4,58.9,37.8,86.8,96.8,80.4,99.2,79.5,0,0,275,99.9,82.9,55.5,59.3,36.5,104.5,151
남,2021.6.16,172.5,61.5,54.3,35.7,64.8,88.9,73.9,90.9,77,0,0,270,88.8,73.7,44.5,43.4,35,100.5,145.5
남,2021.6.16,176.6,85.5,58.3,39.3,87.4,102.8,94.9,104,77,0,0,270,107.9,91.7,58.7,59.7,42.5,97.5,150
남,2021.6.16,176.2,65,60.1,40,83.8,120.1,94.5,112.6,80.9,0,0,290,124.5,0,66.4,56.7,47.5,55.3,152.4
남,2021.6.16,176.1,79.9,55.3,38.4,71.5,99.1,84.9,99.6,80.5,0,0,270,104,86.8,49.8,44.1,36,101,147
남,2021.6.16,176.3,78.8,57.8,38.3,85.9,98.4,85.1,102.1,80.5,0,0,275,101.5,85.7,57.8,58.6,40,100,150
남,2021.6.16,184.2,65,58.7,44,81.2,107.5,92.8,108.9,84.9,0,0,280,113.3,0,58.4,57.4,45.2,48.7,158.8
남,2021.6.16,167.2,65,56.3,40,76.8,87.7,71.5,94.8,76.3,0,0,255,93.7,0,51.2,56.1,44.4,42.6,145.4
남,2021.6.16,173.5,67.6,53.9,36.7,80,92.2,76.3,96.8,78.5,0,0,265,96.7,77.8,47.6,57,36.5,99,145.5
남,2021.6.16,174.9,67.4,55.8,36.6,73.8,91.8,79.5,94,78,0,0,260,96,77.1,48.9,47.7,38.5,99.5,148
남,2021.6.16,170,65,61.5,42.2,77.4,99.7,97.3,109.5,76.6,0,0,260,106.8,0,56.6,54.4,45.3,47.2,149.3
남,2021.6.16,174.8,65,60.6,43.1,82.1,102.5,93.5,108.9,80.4,0,0,270,110.5,0,64,56,45.5,53.3,151.7
남,2021.6.16,169.8,65,59.5,40.5,77.8,101.6,88.5,105.9,79.7,0,0,255,108.1,0,55.3,55.3,43.2,46.1,147.1
남,2021.6.16,175,63.3,56.4,36,78.4,89.3,70.8,96.2,77.5,0,0,260,92.6,74.4,51.9,53.9,27.5,109,146.5
남,2021.6.16,170.2,62.1,55.1,35.8,79.8,89.7,80.1,94.8,80,0,0,260,84.3,74.7,57.4,52,32,101.5,143.5
남,2021.6.16,177.4,75.6,57.5,37.7,64.8,96.4,83.7,97.5,79,0,0,270,100.5,82.9,53.9,38.4,39,102.5,151.5
남,2021.6.16,177.8,65,59,40.4,81.9,93.1,79.1,101.5,82.3,0,0,265,102.6,0,58.5,58.1,44.2,48.8,155.2
남,2021.6.16,176.3,76.1,59.2,37.8,82.7,97.1,90.2,101.1,78.5,0,0,275,102.7,83.8,57.8,54,15,125,150
남,2021.6.16,165.3,65,60,41.9,76.1,100.8,95.7,104.7,76.3,0,0,250,106.5,0,57.4,52.7,41.2,47.9,142.3
남,2021.6.16,178.7,65,56.9,38.2,81.3,82.2,74.9,94.5,81.5,0,0,270,93.8,0,55.6,58.7,49.1,46.4,154.3
남,2021.6.16,176.8,65,61.7,41.3,80.7,107.2,90.3,107.5,81.8,0,0,270,112.1,0,56.9,57.5,43.5,47.4,152.5
남,2021.6.16,170.5,65,57.3,39.8,77.8,97.8,89.5,104.5,78.2,0,0,250,104.8,0,57.6,54.3,44.4,48,147.5
남,2021.6.16,170.1,74.4,58.3,37.9,81.8,97.1,83.4,94.7,75,0,0,260,102.6,85.3,55.2,54.9,35.5,97,142.5
남,2021.6.16,176.5,68.6,56.9,36.7,81.7,92.5,86,99.6,80.5,0,0,270,97.7,77.9,52.7,58.5,40,100,150
남,2021.6.16,177.4,84.4,58.4,39.1,82.3,101.7,93.9,104.9,80,0,0,280,106.1,90.2,53,58.5,36.5,102.5,149
남,2021.6.16,180.3,85.8,54.4,38.9,77.7,102.5,89.6,101.5,80,0,0,280,109.3,90.8,55,51,41,102.5,153.5
남,2021.6.16,171.3,72.9,55.5,37.6,83.1,96,82.8,99.5,75.5,0,0,270,97.5,83.5,48.7,58.9,37.5,96.5,144
남,2021.6.16,172.6,65,62.1,41.1,75.9,90.9,79.7,98.5,79.8,0,0,270,98.3,0,50.6,55.4,43.9,42.2,149.8
남,2021.6.16,171.9,71.1,58.8,37.2,84.5,94.9,79.4,97.4,75.5,0,0,0,96.5,81.7,52,60.2,38,96.5,144.5
남,2021.6.16,175.3,58.4,54.8,35.2,67.7,87.2,70.4,88.6,82.5,0,0,270,90.2,71.6,49.5,41.8,31,105.5,146.5
남,2021.6.16,176.2,65,56,39.6,80,100.3,75.2,94.6,82.2,0,0,265,105.7,0,57.6,56.5,46.4,48,152
남,2021.6.16,169.8,65,57.7,37.6,79.4,98.8,85.3,97.7,79.6,0,0,260,105.9,0,57.9,55.8,42.1,48.2,146.1
남,2021.6.16,171.1,73.3,55.6,37.6,74.3,96.3,81.6,98.8,78,0,0,260,98.7,83.9,57.2,48.3,37,98.5,145.5
남,2021.6.16,169.6,58.8,54.3,35.2,79.6,88,71.3,91.1,79,0,0,265,91.8,72.6,49.8,56.9,33.5,98.5,142
남,2021.6.16,174.8,71.7,56.8,37.2,0,94.8,83.3,98.8,76.5,0,0,270,95.1,81,0,151.6,35.4,98,143.4
남,2021.6.16,174.1,88.3,54.8,39.9,83,104.7,95.6,104.6,76.5,0,0,265,109,94.4,57.4,56.5,41.5,97.5,149
남,2021.6.16,171.8,65,57.7,39,79.8,97.3,80.2,100.4,78.1,0,0,270,106.2,0,55.9,57,44,46.6,147.7
남,2021.6.16,179,71.6,58.3,37.1,83,93.8,81.5,99.7,81,0,0,260,104.1,79.2,58.1,56.7,41,100,151
남,2021.6.16,173.8,65,58,41.4,78.4,92.7,83.4,99.4,80.1,0,0,265,99.8,0,53.1,56.8,45.9,44.3,151.1
남,2021.6.16,187.9,70.8,56.9,36.5,89.3,90.5,76.6,98,86,0,0,285,93.4,75.2,53.9,63.9,41,108.5,159.5
남,2021.6.16,177,74.5,56.4,37.6,74.3,96.1,83.2,100.1,81,0,0,275,96.8,82.3,48.8,50.7,36.5,103,149.5
남,2021.6.16,176.3,76.1,57.9,37.8,78.5,97.1,83.7,99.6,78,0,0,270,98.5,83.8,56,51.9,39.5,100,149.5
남,2021.6.16,174.8,65,58.6,41.5,80.8,104,91.6,111.4,78.9,0,0,270,112.6,0,60.8,56,46.3,50.6,150.9
남,2021.6.16,164.6,65,57.8,40.7,75.9,102.1,86.7,101.5,76.4,0,0,260,108.2,0,56.1,53.1,42.8,46.8,142.8
남,2021.6.16,178.4,65,61,45.1,82.9,109.1,104.1,118.3,84.8,0,0,280,114.8,0,62.2,57.5,48,51.9,158.6
남,2021.6.16,180.9,95.8,57.3,40.4,75.7,106.8,97.1,107.9,81.5,0,0,275,114.7,97.5,64,46.1,47.5,102,159.5
남,2021.6.16,168.8,65,59.2,40.3,75.5,90.4,74.5,95.8,76.4,0,0,250,97,0,52.1,54.3,45.6,43.4,146.4
남,2021.6.16,170.3,65,59.7,42.1,79.7,104.5,86.4,102,79.7,0,0,265,110.7,0,62.6,54.1,44.4,52.1,147.3
남,2021.6.16,175.3,75,60.3,37.7,82,96.5,83,97.6,76.5,0,0,270,99.9,83.5,51.6,57.8,40.5,98.5,149
남,2021.6.16,179.3,77,56.2,37.8,83.2,97,78.8,95.6,79.5,0,0,270,105.5,83.1,57.9,56.9,38.5,101.5,150
남,2021.6.16,160.4,65,56.8,34.6,73.2,88.8,70.6,91.4,74.2,0,0,250,93.3,0,49.4,53.1,40.7,41.2,137.5
남,2021.6.16,173.4,65,57.9,40.9,81.5,102.3,88.1,106,80.2,0,0,265,107.6,0,60.7,56.8,45.2,50.6,151.7
남,2021.6.16,175.7,72.5,56.4,37.3,80.6,95.1,80.1,94.7,77.5,0,0,255,103,81.2,54.7,54.2,41.5,97,148.5
남,2021.6.16,178.3,84.2,60.8,39,80.7,101.7,91.2,106.5,81.5,0,0,275,104.9,90,60.4,52.5,41.5,100.5,152
남,2021.6.16,171.3,65,60.1,38.2,81.1,94.3,83.4,104.8,78.9,0,0,265,103.2,0,58,57.5,44.1,48.3,148.6
남,2021.6.16,163.8,65,61.3,40.2,75.7,92.1,77.8,98.7,73.6,0,0,250,99.3,0,56.3,52.8,41.7,46.9,141.7
남,2021.6.16,164.4,64.9,58.1,36.6,69,92.1,75,93.6,67.5,0,0,250,98.9,79.4,54.1,42.2,36,93,139
남,2021.6.16,171.5,68.3,57.5,36.9,80.1,93.2,79.7,94.2,75,0,0,250,97.9,79.4,55.3,52.3,35.5,99.5,145
남,2021.6.16,176.5,65.6,58.9,36.3,79.7,90.4,76.2,93,78.5,0,0,280,97,75.4,55.2,53.9,39.5,100,149.5
남,2021.6.16,189.9,89.2,57.9,39.3,82.4,98.3,87.4,103.4,83,0,0,290,105.7,90.7,58.4,54.6,35,118,163
남,2021.6.16,173.4,71.2,56.9,37.2,84.4,94.7,82.3,96.6,78,0,0,265,106.2,81,50.2,58.9,37,98.5,145.5
남,2021.6.16,179.6,65,61.7,43.9,84.8,106.8,96.8,109.5,81.4,0,0,280,113.7,0,63.2,59,47.8,52.7,156.1
남,2021.6.16,169,68.8,56.1,37,86.6,93.8,79.3,93.9,77,0,0,270,103.5,80.7,59.3,59.4,35,97,142
남,2021.6.16,167.4,70.9,56.3,37.4,0,95.3,79.5,96.4,74.5,0,0,270,104.6,83.1,0,150.3,41.6,93.5,145.1
남,2021.6.16,171.4,71.7,55.5,37.4,79.7,95.3,80.1,97.9,75.5,0,0,270,98.4,82.5,52.9,53.4,36.5,96,142.5
남,2021.6.16,162.5,70.2,56.6,37.9,72.1,95.3,90.7,100.5,70,0,0,260,101.1,85.2,53.3,48.8,28.5,97,135.5
남,2021.6.16,180.7,80.6,56.4,38.2,71.4,99,82.6,99.3,79.5,0,0,285,103,85.6,59.8,42.2,42,99.5,151.5
남,2021.6.16,171.9,65,58.9,43,82.5,119.6,98.6,99.7,79.8,0,0,260,120.9,0,64.9,56,44.1,54.1,149.1
남,2021.6.16,171.8,65,61.8,45.8,82.3,112.5,94.2,106.1,81.1,0,0,265,116.6,0,63.4,56.4,45,52.8,149.2
남,2021.6.16,161.9,59.1,58.1,36,76.6,89.6,70.3,92.6,71,0,0,255,88.7,76.5,51.7,50.9,32,93.5,135.5
남,2021.6.16,175.5,72.7,58.2,37.4,84.2,95.2,82.9,97.8,81.5,0,0,270,106.6,81.5,59.1,57.7,39.5,98.5,148
남,2021.6.16,171.7,65,56.1,37.3,74.5,84.2,70.6,92,78.9,0,0,260,92.4,0,49.1,54.6,46,40.9,148.1
남,2021.6.16,176.3,78,57.8,38.2,80.1,98,85.1,100.8,76.5,0,0,275,98.7,85.2,53.6,54.2,40.5,98,148.5
남,2021.6.16,188.6,100.6,59.8,41.2,84.2,106.1,92.1,109.8,83.5,0,0,290,109.7,96.1,64.2,51.3,46,104.5,160.5
남,2021.6.16,168,86.6,55,40.1,75,104.2,92,108.2,72,0,0,265,111.9,95.4,57.8,47.7,38.5,95,143.5
남,2021.6.16,175.8,65,62,46.6,82.4,119.7,110,118.1,81.5,0,0,275,122.9,0,62.8,56.7,45.3,52.4,153.4
남,2021.6.16,185.5,64,58.1,36.1,87.6,88.7,73.4,93.3,85.5,0,0,275,91.7,73.2,53.2,63.2,33.5,111.5,155
남,2021.6.16,172.4,63.2,33.8,36,82.6,89.8,79.6,97.3,80,0,0,265,14.1,75,65.3,46.4,42,100.5,152.5
남,2021.6.16,165.4,65,56,36.6,73.9,85.7,71.4,89.6,74.7,0,0,255,91.5,0,50,53.6,43,41.6,142.2
남,2021.6.16,171.1,54.3,53.1,34.7,0,85.1,72.3,89.4,77,0,0,260,91.1,69.7,0,155.8,42.3,95.5,147.8
남,2021.6.16,180.3,80.9,55.5,38.3,83.7,99.2,81.9,102.4,82,0,0,275,98.2,86.1,59.2,56.7,41,103.5,154.5
남,2021.6.16,178.7,82.3,58.2,38.6,88.1,100.5,76.4,100.3,81.5,0,0,290,114.8,88.1,59.8,60.4,34,107,151
남,2021.6.16,180.5,65,59.6,38.3,83.3,92.6,73.4,98.6,81.5,0,0,265,101.2,0,61.7,58.1,48.1,51.4,155.5
남,2021.6.16,167.6,65,58.9,37.6,76.6,99.1,79.9,102.4,78.6,0,0,275,104.6,0,53.9,54.6,43.8,44.9,144.8
남,2021.6.16,170,65,60.2,40.8,78.4,109.8,96.4,108.4,76.4,0,0,270,111.8,0,57,55.2,44.5,47.5,146.6
남,2021.6.16,180.7,80.7,55.7,38.2,88.7,99.1,87,103.3,80.5,0,0,270,99.6,85.8,60.5,60.3,42,102.5,154.5
남,2021.6.16,175.4,69.9,53.4,36.9,74.2,93.5,76.1,94.9,81,0,0,260,102.8,79.1,53.3,49.9,36,103,149
남,2021.6.16,168.9,65,58.4,43.1,81,97.6,91,105.9,79.8,0,0,255,106.2,0,58.6,57.2,41.9,48.8,147
남,2021.6.16,173,78.5,57.5,38.5,77.9,98.7,84.1,99.6,73.5,0,0,270,105.4,87.2,56.4,48.9,38.5,96,144.5
남,2021.6.16,179.3,65,60.9,40.7,83.5,103,88.4,105.7,84.1,0,0,270,110.9,0,57.2,60.2,46.1,47.7,155.7
남,2021.6.16,178.4,74,56,37.5,88.7,95.4,78.7,99.5,83,0,0,265,98.7,81.5,53.2,64.2,38,104,152
남,2021.6.16,177.8,92.2,60.7,40,85.9,105.6,96.4,108.5,70.5,0,0,275,106.3,95.6,62.4,56.7,41,100.5,151.5
남,2021.6.16,176.9,65,59.2,41.9,83.5,102.8,92.4,107.7,82.7,0,0,280,109.6,0,60.9,58.7,43.7,50.8,153.5
남,2021.6.16,164.4,65,61.2,42,77.5,105.7,96,107.6,74.9,0,0,260,109,0,59.2,53.4,43,49.4,142
남,2021.6.16,171.7,65,60.3,43.3,79.7,108.2,96.8,112.5,79.7,0,0,270,112.7,0,58.9,55.7,43.1,49,148.9
남,2021.6.16,176.9,75.7,59,37.8,83.4,96.6,83.1,99.3,77,0,0,260,99,83.3,55.4,56.6,44,95.5,149.5
남,2021.6.16,176.3,79.3,56.3,38.3,84.9,98.7,89.9,101.4,81.5,0,0,285,103,86.1,55.5,59.3,38,102.5,150.5
남,2021.6.16,181.1,66,56.9,36.2,64.8,90.4,77.1,94.8,78.5,0,0,270,89.3,75,50.5,40.9,43,99,152
남,2021.6.16,174.7,65,57.3,37.3,77.8,87.7,70.7,96.5,79.2,0,0,265,94.8,0,55.5,55.2,46.3,46.2,151.9
남,2021.6.16,178.2,65,60,40.1,80.6,101.7,82.4,104.5,80.9,0,0,270,110.1,0,59.5,56.4,46,49.6,154.2
남,2021.6.16,174.6,80.8,56,38.8,81.3,99.8,88.2,103.2,79.5,0,0,270,104.6,88.2,66.2,46,36.5,101,147.5
남,2021.6.16,178.5,74.8,55.7,37.6,80.3,96.1,83.2,99.3,81,0,0,270,100.6,82,53.9,54.3,34,108.5,152.5
남,2021.6.16,173.3,65,58.2,40.1,78.4,88,82,99.8,81,0,0,270,96.5,0,51.5,57.5,46,42.9,151.8
남,2021.6.16,179.2,84.5,56.7,38.8,78.6,101.8,89.8,103.7,81.5,0,0,280,105.2,89.7,52.9,53.5,32,109.5,151.5
남,2021.6.16,163.8,62,53.2,36.1,68.5,90.8,76.9,92.5,71.5,0,0,260,95.1,77.5,50.4,43.8,35,91.5,136.5
남,2021.6.16,182.9,71.4,57.3,36.9,86,93,81.6,97.7,85.5,0,0,270,92.1,77.7,53.8,60.5,38,107,155
남,2021.6.16,162.8,73.5,57,38.4,75.4,97,87.4,98.6,71.5,0,0,270,102.6,87.5,59.3,47.3,36,90.5,136.5
남,2021.6.16,170.8,65,60.2,41.4,77,104.1,91.7,106,78,0,0,265,107.1,0,54.6,54.8,43.6,45.5,147.7
남,2021.6.16,178.8,76.6,54,37.8,0,96.9,86.1,101.3,79.5,0,0,265,95.2,83,0,150.6,34,100,144
남,2021.6.16,173.4,84.7,54.9,39.5,0,102.6,91.2,106.3,75.5,0,0,270,92.6,92.2,0,146.1,38.7,98,146.7
남,2021.6.16,163.6,78.1,56.4,39.3,72,99.1,84.8,100.5,69,0,0,265,104.5,90.6,56.6,45.4,38.5,90,138.5
남,2021.6.16,169.9,65,57.6,36.6,76.7,93.5,76.9,92.7,78.6,0,0,260,98.9,0,51.2,55.9,43.2,42.7,146.9
남,2021.6.16,182.9,71.7,58.5,37,87.5,93.3,82.3,97,82,0,0,275,96,78.1,54.9,61.8,40,105.5,155.5
남,2021.6.16,182.6,68.1,56.9,36.3,81.3,91.3,77.9,96.1,84,0,0,275,92.7,75.6,52.7,57,38.5,106.5,155
남,2021.6.16,176.3,65,54.6,38.2,82.1,93.6,78.4,95.9,80.3,0,0,275,99,0,60.2,57.6,45.7,50.1,152.9
남,2021.6.16,176.3,77.6,55.4,38,83.7,97.7,83.6,99.1,79,0,0,270,102.1,84.8,56.9,57.2,37.5,102.5,150
남,2021.6.16,167.9,65,60.7,43,78.6,104.8,88.5,108.5,77.6,0,0,265,112.4,0,59.4,54.3,42.3,49.5,145.3
남,2021.6.16,163.5,65,58.6,38.2,74.1,90.3,83.8,100.6,75.8,0,0,250,97.3,0,49,54.2,42.5,40.8,142.4
남,2021.6.16,181.8,75.1,54.2,37.5,0,95.7,79.4,97.1,85,0,0,265,98.5,81.1,0,146.2,30.8,107,147.8
남,2021.6.16,172.6,75.6,55.9,37.9,83.2,97.2,81.1,98.5,77,0,0,265,100.4,85.1,60.9,55.2,35,101.5,146.5
남,2021.6.16,173.4,66.9,56,36.6,72.4,91.8,72.7,93.2,80.5,0,0,270,95.8,77.2,52.6,47.7,33.5,103,146.5
남,2021.6.16,172.3,71.4,58.1,37.2,80.7,95,80.9,99.7,77,0,0,265,98.8,81.8,52.3,57.7,38.5,98,146.5
남,2021.6.16,180.1,81.8,55.7,38.4,84.9,100,96.8,105.6,65.5,0,0,270,100.4,87,55.2,59.5,46.5,95,151.5
남,2021.6.16,167.2,51.1,54.7,33.9,78.1,84.2,66.1,85.8,75.5,0,0,255,86.4,68.1,49.7,53.6,33,96.5,139.5
남,2021.6.16,173.1,51.9,55.1,33.9,83.7,83,68.8,88.5,78,0,0,265,82.2,67.4,48.2,60.1,34.5,101.5,146
남,2021.6.16,177.3,65,61.6,44.2,82.8,113.5,108.7,114.5,82.5,0,0,270,116.7,0,60.6,58.1,47.9,50.5,154.8
남,2021.6.16,172.7,85.1,61.7,39.8,75.5,103.2,88.5,104.1,71,0,0,280,107.1,92.9,55.6,49.3,40,96.5,146.5
남,2021.6.16,168.6,76.1,56.9,38.4,80.5,98.2,81.5,98.7,68.5,0,0,260,101.2,87.7,60.9,50.8,38,94.5,142.5
남,2021.6.16,172.7,63.4,55.3,36,81.6,89.9,72.1,92,79.5,0,0,270,95.6,75,55.5,53.7,32,103.5,145.5
남,2021.6.16,168.4,65,55.7,42.5,79.4,113.5,95.4,110.9,77.8,0,0,260,117.1,0,62.1,54.1,41.3,51.7,145.1
남,2021.6.16,173.2,69.2,56.8,36.9,73.8,93.6,79.9,94.5,78,0,0,270,105,79.5,50.9,48.2,31.5,104,145.5
남,2021.6.16,178,71.3,54.7,37.1,71.3,93.9,76.6,94.4,83,0,0,265,100,79.4,51.2,42,35,103.5,148.5
남,2021.6.16,177.3,79.3,56,38.2,74.8,98.6,81.7,100.7,80,0,0,270,103.5,85.6,59.8,46.5,35,104,149
남,2021.6.16,165.7,65,58.5,43.1,78.1,114.3,99.1,106.5,76,0,0,260,117.4,0,62.6,52.5,42,52.2,142.8
남,2021.6.16,169.6,64.5,54.9,36.2,74.7,91.2,80.7,94.4,72.5,0,0,260,95.1,76.9,48.7,51.6,38,93,141
남,2021.6.16,185.1,65,60.6,41.5,84.7,111.3,94.5,107.4,84.6,0,0,280,113.8,0,59.1,60.7,49.3,49.2,160.1
남,2021.6.16,172,71.5,58.9,37.3,81.8,95.1,84,98.1,77,0,0,265,96.2,82,55.3,56.7,41.5,96,147.5
남,2021.6.16,180.2,72,57.5,37.1,54.3,94,77.3,96,81,0,0,265,25.4,79.2,17.8,55.4,32,104.5,146.5
남,2021.6.16,173.2,76,57.6,38,78.8,97.4,82.2,101.9,75.5,0,0,265,101.8,85.2,55.1,51.9,38,97,145
남,2021.6.16,174.6,65,59.3,38.3,80.1,101.9,86,98.8,81.3,0,0,270,108,0,57.1,56.8,42.7,47.6,149.9
남,2021.6.16,185.2,113.1,61.2,44.6,87.1,113.4,107.3,112.4,78,0,0,295,118.1,106.4,67.3,53.9,39,108.5,157.5
남,2021.6.16,182.3,70.8,56.4,36.6,75.1,92.7,74.6,96.2,79,0,0,270,93.4,77.2,51.9,50,40.5,103,153.5
남,2021.6.16,171.8,88,56.9,40,78,104.6,95.5,106.5,77,0,0,260,107.3,94.9,58.1,50.8,35.5,102.5,148
남,2021.6.16,173.6,65,57.7,39.7,75.9,84.7,72.7,93.7,78,0,0,270,95.1,0,50.6,55.4,46.2,42.1,149.2
남,2021.6.16,173.2,59.9,55.6,35.5,77.1,88,74.4,90.9,78,0,0,260,91.2,72.7,51.8,53.5,37.5,98.5,146
남,2021.6.16,180.8,65,61.3,41.5,82.9,102.4,89.6,106.3,81.9,0,0,270,109.9,0,60.5,58.3,45.7,50.4,156.6
남,2021.6.16,178.1,79.8,56.6,38.2,78.8,98.8,85.8,101,78,0,0,275,104.3,85.7,61.3,49.3,40.5,100,150.5
남,2021.6.16,181.1,64.5,56.3,35.9,72.9,89.6,74.4,95.3,84,0,0,270,86.1,73.6,43.3,52.9,36,106,152
남,2021.6.16,167.5,65.6,57.8,36.5,78.4,92.3,76.6,96.2,72,0,0,250,96.4,78.5,52.7,53.9,37,93.5,140.5
남,2021.6.16,170.3,65,59.5,40.7,81.7,103.7,86.8,101.4,79,0,0,260,110.3,0,64.3,55.5,42.8,53.6,147.6
남,2021.6.16,175.2,81.2,53.6,38.8,0,100.1,84.8,98.8,74.5,0,0,270,105.9,88.6,0,138.6,42.9,96,148.9
남,2021.6.16,177.5,84.6,61.1,39.1,73.5,101.8,88.6,102.5,81,0,0,270,111.3,90.3,60.2,44.8,40.5,99.5,150
남,2021.6.16,171.6,62.8,54.6,35.9,78.9,89.8,72.5,94.1,78,0,0,260,95,74.7,54.6,53.2,36,98,144
남,2021.6.16,170.9,65,59.8,40.8,78.9,105.6,97.7,107.5,79.9,0,0,270,108.7,0,58.4,55.1,42.6,48.7,148
남,2021.6.16,176.9,56.4,57.9,34.7,78.4,86.2,65.8,91.7,79.5,0,0,265,87.7,70.4,51.1,53.8,32.5,105,147.5
남,2021.6.16,180.3,68.1,55.4,36.5,0,91.8,83.8,93.9,81,0,0,270,93.8,76.4,0,151.4,8.2,130,148.2
남,2021.6.16,183,75,56.1,37.5,77.6,95.5,87.9,95.9,72,0,0,280,101.7,81.1,56.3,52.3,42.5,101.5,154
남,2021.6.16,163.9,56.1,56.6,34.9,75.2,87.9,71.9,89.9,74.5,0,0,240,92.5,73.1,53.4,49.4,31,97.5,138.5
남,2021.6.16,179.7,100.2,55.6,40.8,60.8,109.1,96.9,111,82,0,0,280,10.9,100.1,19.5,62,32.1,102.5,144.6
남,2021.6.16,177.8,65,59,38.7,80,95.3,73.1,96.6,82.9,0,0,255,103,0,54.5,57.8,46.4,45.4,153.3
남,2021.6.16,177,65,57.4,41.9,83.8,102.3,90.1,110.1,80.6,0,0,275,110.3,0,62.9,58.1,46.8,52.4,153.4
남,2021.6.16,165.7,74.7,54.6,38.4,80.8,97.5,82.4,98.6,70,0,0,260,103.8,87.3,57.4,53.9,37,92.5,139.5
남,2021.6.16,165.6,52.1,56.1,34.1,80.2,84.7,67.1,85.7,72,0,0,265,86.1,69.2,51.8,55.7,30.5,96.5,137
남,2021.6.16,180.7,75.5,59.4,37.7,85.2,96.1,83.7,101.5,81,0,0,280,100.5,81.6,56.4,58.6,40,102,152
남,2021.6.16,167.3,80.5,58.8,39.2,88.5,100.6,87,103,71,0,0,270,108.3,90.8,61.8,58.9,41,89,140
남,2021.6.16,174.5,65,60.1,40.4,81.1,99.7,86.7,106.2,79,0,0,265,109.8,0,61.3,56.1,45.3,51.1,151.2
남,2021.6.16,176.2,82,56.9,38.8,79.3,100.5,90.9,101.2,78,0,0,275,104.9,88.6,60.8,51.8,40,99,149
남,2021.6.16,161.8,65,57.8,39.1,74,92.1,80.7,93.5,74.3,0,0,260,98.7,0,51.3,53.2,42,42.7,140
남,2021.6.16,178.4,75.4,56.3,37.6,86.3,96.3,79.7,97.4,84,0,0,285,100,82.5,48.8,62.1,34.5,106,150.5
남,2021.6.16,169.3,72.6,56.7,37.6,70.7,96.2,82.5,96.3,77,0,0,265,101.9,84.1,50.3,43.1,33,99.5,142.5
남,2021.6.16,174.5,65,57.7,39.1,79.8,98.6,78.5,97.6,80.4,0,0,265,104.9,0,54.4,57.7,45.7,45.3,151.6
남,2021.6.16,175.1,94.2,58.2,40.5,97,107.2,99.2,107.1,76.5,0,0,275,109.8,98,56.4,55.5,59,102.5,171.5
남,2021.6.16,167.9,65,56.2,36.6,78,93.3,74.7,95.4,76.5,0,0,255,101.6,0,55.9,55.2,44.4,46.6,145
남,2021.6.16,174.8,53.8,56.7,34.2,76.3,84.1,66.6,88.3,78.5,0,0,265,85.7,68.1,47,53.3,34.5,100.5,145
남,2021.6.16,171.7,65,58.5,40.9,77.5,96.4,83.1,102.4,76.6,0,0,260,104.4,0,56.5,54.4,43.5,47.1,148.5
남,2021.6.16,173.8,65,56.5,39.7,80.8,101.4,82.6,101.7,78.5,0,0,265,107.6,0,60.2,56.3,44.8,50.2,150.5
남,2021.6.16,176.9,70.8,59.4,36.9,80.9,93.7,77.2,98.5,81,0,0,255,101.2,79.1,55.6,55.4,38,103,151
남,2021.6.16,172,74.3,59.5,37.7,75.3,96.7,81.9,97.7,76.5,0,0,265,101.3,84.5,53.1,49.4,37,99,146
남,2021.6.16,186.7,74.9,53.4,37.2,0,94.6,80.7,96.3,83.5,0,0,285,102,79.6,0,156.9,28,117.5,155.5
남,2021.6.16,179.1,65,58.7,39.6,81.6,102,85.5,103.7,80.6,0,0,275,108.3,0,59.1,57.6,45.2,49.2,154.1
남,2021.6.16,178.8,83.1,62.1,38.7,81.8,101.1,86.9,103.4,78,0,0,280,106.3,88.9,57.4,54.4,43,99.5,152.5
남,2021.6.16,173.2,73.7,54.8,37.6,86.5,96.2,82.5,97.6,78.5,0,0,270,103.2,83.3,56.1,62.1,36.5,100,146.5
남,2021.6.16,169.8,65,61.2,40.4,78.6,101.2,83.9,103.4,77.8,0,0,255,107.4,0,58.9,54.7,43.8,49.1,145.7
남,2021.6.16,180.8,65,59.9,45.9,83.5,116.4,95.3,117,81,0,0,285,124.4,0,65.7,56.7,48.3,54.7,159
남,2021.6.16,177.4,76,54.9,37.8,74.2,96.7,77.6,96.7,76,0,0,275,101.4,83.2,58.1,47.3,40,102,152
남,2021.6.16,172,58.8,52.8,35.3,66.4,87.5,75.8,90.5,78.5,0,0,265,91.2,72.1,54.2,41.8,36,101.5,147.5
남,2021.6.16,173.7,90.3,58.5,40.1,81.2,105.3,97.2,109.5,75,0,0,280,107.8,95.2,57.4,53.3,38,97.5,145.5
남,2021.6.16,172.3,65,59.6,41.9,81.7,102.1,90.1,103.3,80.6,0,0,270,107.5,0,59.5,57.5,44.7,49.6,150.4
남,2021.6.16,171.9,65,60.1,44.3,81.1,105.8,91.8,111.8,78.5,0,0,275,109.9,0,60.6,56.4,43.5,50.5,149.4
남,2021.6.16,169.1,65,59.5,39.7,77,91.7,78.6,95.2,76.5,0,0,260,99.2,0,55.5,54.4,45.7,46.3,146.2
남,2021.6.16,171.9,58,53.3,35.2,83.6,86.9,65.6,88.9,77.5,0,0,260,89.4,71.6,48.1,60.5,33.5,101,144.5
남,2021.6.16,186,64.5,54.1,36.1,73.8,88.8,74.2,96,84,0,0,280,89.4,73.8,54.8,47.5,43.5,106,159.5
남,2021.6.16,171.3,80.4,55.9,39,74.9,100.1,87.7,103,74.5,0,0,270,104.9,89.6,54.8,49.3,36.5,97.5,144
남,2021.6.16,181.1,82.5,56.9,38.3,87.3,100.1,84.8,103.9,81.5,0,0,280,100.8,87.5,58.4,60.7,38.5,106,154.5
남,2021.6.16,187.1,65,60,46.7,87.3,115.4,110.1,119.4,87.2,0,0,290,122.2,0,65.3,60.7,48,54.5,163.5
남,2021.6.16,178.2,65,60.4,41.7,83.2,97.4,87.1,101.9,81,0,0,285,103.6,0,58.3,59.5,46.3,48.6,154.4
남,2021.6.16,170.5,65,58.3,39,77.1,99.2,81.8,98.5,75.5,0,0,265,107.5,0,60.9,52.2,44,50.8,147.1
남,2021.6.16,166.2,70.7,58.6,37.5,77,95.1,84.8,101.4,73.5,0,0,270,96.7,83.5,52.9,52,36,94,140
남,2021.6.16,175.8,72,55.4,37.3,79.6,94.7,84.2,100.6,81.5,0,0,275,97.7,80.8,58.5,52.9,38.5,101.5,150
남,2021.6.16,177.3,65,58.9,38.6,79.9,101,89.7,103.4,82.3,0,0,275,109,0,55,57.6,46.3,45.8,153.2
남,2021.6.16,177.8,61.1,57.8,35.8,83.1,88.3,67.3,91.8,80.5,0,0,260,93.8,73.2,52.9,57.6,29,111,150
남,2021.6.16,167.4,65,58.7,42.2,79.5,102.7,89.2,107.1,77.1,0,0,265,109.9,0,62.8,53.9,41.8,52.3,144.1
남,2021.6.16,180.9,68.2,56.8,36.5,78.6,91.7,76.9,97.3,83.5,0,0,280,95.9,76.3,61,47.6,39,105,154
남,2021.6.16,179.7,65.4,52.6,36.1,86.2,90,75.8,92.3,84.5,0,0,265,92.1,74.6,50.9,61.1,39,106.5,155.5
남,2021.6.16,171.3,70.4,55.3,37.1,64.8,94.5,80.2,99.1,75.5,0,0,270,100.1,81.3,54,39.7,39,94.5,143.5
남,2021.6.16,170.5,65,56.5,43.1,77.2,105.7,93.8,104.4,77.4,0,0,275,110,0,58.9,53.2,45.5,49.1,146.9
남,2021.6.16,169.8,65,59.2,39.6,78.7,99,89,106.8,78.7,0,0,265,103.7,0,54,56.7,42.2,45,147.9
남,2021.6.16,174.3,70.5,54.2,37,77.2,94,83.5,98.8,79,0,0,260,94.1,79.9,55.8,50.1,39.5,99.5,149
남,2021.6.16,176.4,77.6,55.1,38.1,71.2,97.7,84.3,102.9,80,0,0,290,100.8,84.8,56.3,44.5,39.5,98.5,148
남,2021.6.16,174.3,77.5,55,38.2,81.8,98.2,82.7,98.7,80.5,0,0,260,110.1,85.9,56.8,54,37,101,148
남,2021.6.16,173.7,65,56,37.5,77.2,88,80.8,100.2,79.8,0,0,270,100.5,0,56.5,54.2,44.6,47.1,150.1
남,2021.6.16,174,70.6,55.7,37.1,80.6,94.1,81.1,97.1,79,0,0,265,100.9,80.2,54.4,54.3,37.5,99,146.5
남,2021.6.16,174.8,71.9,56.1,37.3,72.2,94.9,83.7,96.1,79,0,0,260,97.8,81.1,52.4,46.2,35.5,102,147.5
남,2021.6.16,172.8,65,59,41.7,78.3,102.5,95.4,105.5,80,0,0,265,108.4,0,56.8,55.2,45.2,47.4,148.9
남,2021.6.16,183.9,85.7,60.3,38.6,87,101.3,87.4,102.6,82.5,0,0,275,110.2,88.4,60.5,58.2,42.5,103,155.5
남,2021.6.16,173.1,65,55.9,39.8,77.8,101.1,95.6,104.1,81,0,0,250,106.3,0,57.4,54.5,44.4,47.8,149.6
남,2021.6.16,169.6,69.9,59.2,37.1,79.5,94.4,79.4,98.7,74.5,0,0,275,97.5,81.6,56.3,51.7,38,93.5,141.5
남,2021.6.16,170.2,74.5,58.1,37.9,80.6,97.2,85.6,101.3,73.5,0,0,265,97.7,85.3,55.2,54.6,40.5,93.5,144
남,2021.6.16,183.2,93.2,53.9,40.2,77,104.6,96.6,103.2,82,0,0,280,110.7,94.9,54.9,51.2,40,105,155
남,2021.6.16,175.2,99.4,60,41.7,0,109.1,96.6,111.6,76.5,0,0,270,115.3,102.6,0,153.8,34,109,153
남,2021.6.16,164.9,76.1,57.6,38.7,77.6,98,87.2,102.1,72,0,0,255,109.7,88.6,61.1,51.2,36,92,138
남,2021.6.16,171.9,76.9,59.3,38.2,60.7,98.1,84.7,99.7,76,0,0,265,105.7,86.5,54.2,61.9,40.7,96.5,147.2
남,2021.6.16,171.3,65.4,54.7,36.4,84.2,91.3,78.6,93.5,77,0,0,255,91.8,76.8,47.9,61.2,36.5,101,147.5
남,2021.6.16,172.1,82.2,59.6,39.3,79,101.1,90.8,101.9,76,0,0,270,109.7,90.6,55.5,52.3,35,98.5,143.5
남,2021.6.16,182.9,94,56,40.1,82.6,105.1,92.3,107.3,80,0,0,275,107.8,95.2,62,52.9,39.5,106.5,156
남,2021.6.16,178.7,81.6,56.2,38.5,78.1,100.2,88.5,103.1,83.5,0,0,270,102,87.3,56.6,49.6,36,107.5,153.5
남,2021.6.16,179.4,86.8,55.6,39.3,70.8,103,90.2,105.3,82.5,0,0,265,106.9,91.8,55,44.2,40.5,104,154.5
남,2021.6.16,178.6,87,59.5,39.4,79.2,103,87.4,104.5,81.5,0,0,275,105,92.3,59.4,50.7,39,103,152
남,2021.6.16,175,65,62.2,42.2,83,113,95,113.5,79.7,0,0,280,118.3,0,60,58.6,45.7,50,150.6
남,2021.6.16,170.8,65,60.4,41,77.4,98.9,82.8,100.7,75.1,0,0,270,107.1,0,58.5,53.6,45.1,48.7,146.9
남,2021.6.16,179.4,71.6,56.9,37,90.3,94,83.5,100.6,83,0,0,260,101.7,79,53.3,65,31.5,108.5,150
남,2021.6.16,170.8,65,57.6,38,76.1,84.8,70.1,93,76.7,0,0,255,92.4,0,50,55.9,45.2,41.7,148.2
남,2021.6.16,175.7,70.3,56.3,36.9,72,93.7,70.7,95.8,80,0,0,260,100.1,79.3,56.1,43.2,29.5,107,146.5
남,2021.6.16,169.7,87.4,58.6,40.3,77.6,104.7,94.3,106.9,72.5,0,0,280,103.4,95.7,58.9,50.4,38,95.5,143.5
남,2021.6.16,175,68.6,56.4,36.8,72.8,92.6,76.9,95.6,78.5,0,0,270,93.8,78.2,53,48.4,34,105.5,149.5
남,2021.6.16,164.7,65,57.8,38.3,79.7,93.6,84.5,100.8,77.7,0,0,265,102.6,0,58.4,55.9,41.8,48.7,143.8
남,2021.6.16,177.6,71.5,58.6,37.1,85.3,94.1,77.4,95.2,82,0,0,270,103.2,79.5,52.8,60.6,39.5,102,151.5
남,2021.6.16,167.5,61.4,57,35.8,78.5,89.8,71.8,94.1,73,0,0,255,89.4,75.1,48.1,54.9,31.5,97,138.5
남,2021.3.4,181.1,82.5,58,38.3,92.6,100.1,84,102.3,73.5,0,0,285,105.2,87.5,59.6,64.9,40,104,154
남,2021.3.4,181.1,80.5,57.5,38.2,82.7,98.9,85.3,101.1,79,0,0,280,102.4,85.3,57,56.9,40,102.5,152.5
남,2021.3.4,180.3,85,58.7,38.9,77.9,101.9,89.5,107.2,80.5,0,0,270,106.8,90.1,58.3,50.4,42,103,155
남,2021.3.4,168.7,61.8,55.2,35.8,79.2,89.9,79.5,95.9,76.5,0,0,260,94.3,75,48.6,55.3,34.5,97.5,142
남,2021.3.4,169.8,56.2,55.7,34.9,69.3,86.6,72.6,90.1,74.5,0,0,255,89.3,71.2,56,43.7,36,97,143
남,2021.3.4,171.5,78.6,59.8,38.7,78.6,99,90.8,104,77,0,0,265,106,88.1,49.4,55.2,35.5,98,143.5
남,2021.3.4,179.2,72.5,56.7,37.2,72.2,94.6,83.6,98.9,80.5,0,0,270,105.2,79.9,64,42.4,41,99.5,150.5
남,2021.3.4,170.5,63.4,59.4,36,0,90.4,76.8,91.5,77.5,0,0,260,102.8,75.6,0,151.6,42.2,98.5,150.7
남,2021.3.4,170,62.2,55.3,35.8,83.9,89.8,79.5,97.3,76,0,0,260,95.1,74.8,54.2,61.6,40.5,95,145.5
남,2021.3.4,172.8,60.9,56.7,35.6,82.6,88.6,73.5,93.4,77,0,0,260,93,73.3,49.6,58,37.5,97,144.5
남,2021.3.4,175,70.8,57.4,37,88,94,83.1,100.4,79,0,0,265,103,79.9,61.8,58.4,38,99,147
남,2021.3.4,188.6,90.1,56.4,38.4,91.7,101.2,91.6,108.3,88.5,0,0,285,102.1,89.8,59.4,63.6,44,109.5,163.5
남,2021.3.4,169.3,52.7,53.4,34.3,75.3,84.4,67.6,89.6,74.5,0,0,245,85.4,68.7,48.4,52.7,36,96,142
남,2021.3.4,176.5,77.5,59.6,38,72.9,97.7,84.6,101.7,77.5,0,0,0,93,84.6,63.2,45.4,41,98,149
남,2021.3.4,172.1,64.2,57.2,36.2,74.6,90.5,74.6,95.1,76,0,0,265,94.8,75.8,55.5,49.3,35.5,100,145.5
남,2021.3.4,175.8,73.7,58.2,37.5,75.7,95.6,77.4,101.6,80,0,0,260,100.8,82.1,56.2,49.4,31.5,106,147.5
남,2021.3.4,181.7,93.7,57.2,40.1,91.5,105.2,97.3,105.7,80,0,0,275,111.8,95.5,62.8,63.6,38.5,105.5,154
남,2021.3.4,170.3,67.5,58,36.7,0,92.8,83.6,97.6,69,0,0,260,97.2,79,0,152.2,41.5,92,143.5
남,2021.3.4,166.4,71.1,58.5,37.6,68.7,95.5,82.5,102.1,72.5,0,0,260,98.8,83.8,51.7,41.4,35,94.5,139.5
남,2021.3.4,184.7,78.6,55.5,37.9,74.1,96.8,83,102.2,83,0,0,285,97.6,82.3,60.1,45.4,42.5,104,156.5
남,2021.3.4,171.2,71.8,58.8,37.4,76,95.4,84,98.1,73.5,0,0,270,99.4,82.6,55.9,49.2,36,98,144
남,2021.3.4,168.9,72.1,56.7,37.7,74.8,96,84.5,98.4,76,0,0,260,101.5,84,56.1,49.1,36.5,96.5,143
남,2021.3.4,175.7,73.4,58.1,37.4,83.7,95.4,84.6,97.2,79,0,0,265,104.5,81.8,54,58.5,38.5,100.5,149
남,2021.3.4,169.4,75.8,56.8,38.2,84.9,98,83.2,100,76.5,0,0,265,110.4,86.9,57.7,56,37,96,143
남,2021.3.4,184.3,65.9,57,36.3,79.3,89.4,74.4,93.6,85,0,0,285,95.8,73.8,54.7,53.6,42,106.5,158.5
남,2021.3.4,169.3,70.5,12,37.2,74.6,94.8,79.5,99.9,75,0,0,270,106.6,82.1,55.8,48.1,39,95.5,144.5
남,2021.3.4,182.7,66,57.9,36.3,87.8,90.2,81.4,97,84.5,0,0,265,93.9,74.9,51.6,63.8,39.5,106,155.5
남,2021.3.4,171.3,70,57.4,37,76,94.2,82.8,100.6,77.5,0,0,265,91.9,81,52.9,51.2,37,98,145
남,2021.3.4,179.8,75.7,59.4,37.7,56.8,96.4,86,100.6,78.5,0,0,280,104.2,82.2,52.3,28.1,37,106,153
남,2021.3.4,174.2,59.8,57.6,35.4,63.4,87.8,76.7,93.7,79.5,0,0,270,21.9,72.4,25.9,64.6,40.7,102.5,153.2
남,2021.3.4,177.9,86.1,59,39.3,88,102.8,91.1,103.5,79,0,0,270,111.2,91.7,59.8,60.8,40.5,102,152.5
남,2021.3.4,180.5,78.4,58.6,38.1,88.2,97.6,90.8,101.8,78.5,0,0,265,102.3,83.7,54.5,62.5,40,101.5,151.5
남,2021.3.4,178.9,72.7,59.2,37.3,88.1,94.5,82.9,97.9,83,0,0,265,102.7,80.1,49.4,64,39.5,103,152.5
남,2021.3.4,180.7,102.7,57,41.4,85.3,109.8,102.7,112.4,80.5,0,0,285,116.8,102.3,64.9,55.2,39,108,157
남,2021.3.4,179.2,75.8,56.4,37.7,88.8,96.5,85.7,104.6,74.5,0,0,265,99.2,82.4,52,63.8,42.5,101,153.5
남,2021.3.4,180.5,82.9,55,38.5,86.6,100.7,88.8,106.6,82,0,0,275,104.1,88.3,55.9,60.9,35,109,154
남,2021.3.4,174.3,70.5,58.2,37,77.8,94,80.3,98.9,76,0,0,0,102.1,79.9,54.4,52.9,40.5,97,147.5
남,2021.3.4,178.8,69.1,59.2,36.7,79.1,92.5,78.3,98.4,75,0,0,275,94.6,77.4,56,53,37.5,103.5,151
남,2021.3.4,166.5,84.2,59.6,39.9,59.6,103,96.9,103.5,69.5,0,0,265,104.2,94.3,58.1,60.8,47,92.5,149.5
남,2021.3.4,182.2,80.1,58.9,37.9,83.9,98.6,86.9,102.6,80.5,0,0,285,100.3,84.2,56.8,57.2,28.5,115,153.5
남,2021.3.4,171.3,56.1,58.2,34.9,77.6,86.2,69.7,91.2,79,0,0,260,91.2,70.6,46.7,52.5,30.5,104.5,145
남,2021.3.4,168.9,69.8,60.1,37.1,82.2,94.5,84,99.6,74,0,0,260,104.2,81.8,58.2,58.1,36,96,142
남,2021.3.4,177.4,66.6,57.9,36.4,70.8,91,77.6,98.4,81.5,0,0,270,94.1,76.1,55.3,44.7,37,104,151
남,2021.3.4,167.4,58.1,57.1,35.2,82.4,87.9,74.8,91.7,74.5,0,0,250,92.8,73,54.1,57.4,36.5,93,139.5
남,2021.3.4,165.3,57.2,59.3,35.1,74.5,88,73.1,92,73,0,0,255,90.9,73.3,48.8,51,33.5,94.5,138
남,2021.3.4,172.5,72.3,56.8,37.4,83.6,95.6,83.3,99.2,75,0,0,280,94.8,82.5,56.2,58.4,38.5,96.5,145
남,2021.3.4,169.8,74.8,59.4,37.9,0,97.3,87,101,76.5,0,0,260,108.3,85.8,0,155,39.6,95.5,145.1
남,2021.3.4,173.8,62,56.3,35.8,69.1,88.9,77.8,93.6,81,0,0,255,97.2,73.7,44,46.9,28,107,145
남,2021.3.4,174.8,71.4,58.2,37.1,68.6,94.6,82.3,97.8,77,0,0,265,99.7,80.6,61.7,40.2,41,99,150
남,2021.3.4,180,71.5,56.6,37,0,93.8,85.2,98.2,80,0,0,280,97.7,78.8,0,147.6,36.8,103,149.8
남,2021.3.4,180.5,65,59.6,41.4,82,103,83.1,102.9,82.8,0,0,280,108.1,0,61.7,56.9,45.9,51.4,155.4
남,2021.3.4,177.5,77.7,58.5,38,82.9,97.5,89.1,101.9,80,0,0,275,98.9,84.4,51.8,57.6,37,103.5,150.5
남,2021.3.4,186.1,65,57.9,42.7,83.9,101.2,90.2,105.3,87.7,0,0,275,105.8,0,59.7,59.6,47.7,49.8,161.3
남,2021.3.4,169.6,83.6,59.1,39.6,82.8,102.3,93.2,104.3,73.5,0,0,265,112,92.9,60.8,53.9,37,96,143
남,2021.3.4,166,65,58.9,41.5,78.1,103.7,93,106.6,78.5,0,0,255,108.1,0,57.9,54.6,40.9,48.2,143.2
남,2021.3.4,174.6,78.2,59.1,38.3,77.1,98.4,86.2,100.9,77,0,0,265,100.5,86.3,57.6,49.1,35.5,101.5,147
남,2021.3.4,170.2,78.6,58.4,38.8,86.9,99.2,86.2,104.3,74,0,0,265,107.9,88.8,60.6,58.2,40,93.5,143.5
남,2021.3.4,176.2,65,59.6,44.8,83.8,108.6,90.9,103.2,84.3,0,0,275,114.9,0,66.7,56.6,47.8,55.6,153.9
남,2021.3.4,171.7,53.5,56.2,34.5,76.8,84.3,67,89.9,77.5,0,0,265,89.9,68.5,47.7,54.6,30,103,143
남,2021.3.4,179.9,75.9,58.1,37.7,87,96.4,83.7,102.4,82.5,0,0,250,104.8,82.3,55.8,62.3,39,104,153
남,2021.3.4,176.6,73.3,59.9,37.4,79.4,95.3,85,99.3,82,0,0,275,97.3,81.4,55.5,54.2,32.5,109,151.5
남,2021.3.4,166.1,77.7,57.8,38.9,77.1,98.7,87.1,103,71.5,0,0,260,104.3,89.6,56.9,50.4,38,92.5,140.5
남,2021.3.4,183,65,57.6,40.2,83.7,96,87.5,101,86.6,0,0,280,102.5,0,56.2,60.9,44.7,46.8,156.2
남,2021.3.4,172,80,57,38.8,78.8,99.8,91,99.7,78,0,0,275,107.8,88.9,56.8,51.4,27,108,145
남,2021.3.4,172.9,79.7,58.3,38.7,80,99.4,89.8,104.5,75,0,0,250,105.3,88.1,51.4,56.6,34,101,145
남,2021.3.4,165.5,65,66.3,39.4,75.5,97.2,83.9,104.5,75,0,0,260,101.1,0,53.6,53.7,43.3,44.6,144.2
남,2021.3.4,175,67.6,57.5,36.6,89.3,91.9,80.4,97,81.5,0,0,265,86.9,77.3,53.3,64.4,36.5,102.5,149
남,2021.3.4,178.1,78.5,57.4,38.1,93.4,98,88.3,103.7,83,0,0,275,105.1,84.7,57.5,66.4,39,101.5,150.5
남,2021.3.4,173.9,68.7,57.9,36.8,80.5,92.9,84.1,97.3,78.5,0,0,275,95.5,78.6,56.2,55.7,39,99,148
남,2021.3.4,167.2,63.9,56.9,36.2,77.2,91.5,76.3,95.7,72,0,0,260,101.1,77.4,53.6,52.5,37.5,92.5,140
남,2021.3.4,179.3,65,58.6,40.6,82.5,95.7,85,100.2,84.4,0,0,275,103.5,0,59.8,58.2,46.7,49.8,155.8
남,2021.3.4,172.9,68.3,56.4,36.8,83.6,92.9,80.4,98.9,77,0,0,275,98.3,78.7,54.9,57.8,35.5,99,144.5
남,2021.3.4,181.7,73.3,59.3,37.3,88.1,94.5,77.1,100.2,85.5,0,0,285,100.4,79.8,54.5,63,37,107.5,154.5
남,2021.3.4,186.5,65,58.4,40.6,85.4,109.3,97.8,111.6,88,0,0,285,116,0,62.8,59.9,47.1,52.3,160.8
남,2021.3.4,183.2,85.2,60.9,38.8,0,101.5,89.7,105.8,83,0,0,280,100.2,88.7,0,142.8,27.4,108.5,145.9
남,2021.3.4,165.9,69.2,58.6,37.3,77.6,94.5,84.7,98.6,74.5,0,0,260,99.3,82.5,51.6,53.1,31.5,99,140.5
남,2021.3.4,173,65,58.1,39,80,99.4,83.6,100.8,80.7,0,0,280,103.9,0,56,57.3,44.2,46.6,150.3
남,2021.3.4,177.4,69.1,56.8,36.7,68.3,92.7,82.3,99.1,73.5,0,0,270,97.3,77.9,53.2,42,35.5,104.5,150
남,2021.3.4,180.3,66,57,36.3,78.5,90.4,79.9,96,84.5,0,0,270,94.7,75.3,52.1,54.1,36.5,105,151.5
남,2021.3.4,172.2,65,61.6,40.7,76.4,89.5,84.9,101,81,0,0,260,95.7,0,50.4,56,42.5,42,148.1
남,2021.3.4,168.6,71,57.6,37.4,71.1,95.2,81.5,99.7,74.5,0,0,265,97.5,82.8,57.7,44.9,35.5,96,141.5
남,2021.3.4,177.8,71.9,57.1,37.2,81.1,94.2,82.5,97.9,78,0,0,265,97.3,79.8,52.1,56.8,33,106.5,149.5
남,2021.3.4,163.6,65,60.9,41.4,75.2,97.3,89.2,99.8,78.2,0,0,265,103.8,0,53.4,53.5,40.1,44.5,141.3
남,2021.3.4,172.3,65,57.8,40.1,77.8,107.2,88.4,107.7,78.5,0,0,270,110,0,59.3,53.6,43.2,49.4,147.3
남,2021.3.4,188.2,75.3,55.5,37,86.8,94.7,80.3,99.6,86,0,0,280,102.5,79.2,56.1,60.5,34.5,115,159.5
남,2021.3.4,170.6,62.9,55.1,35.9,60.1,90,77.3,93.9,77,0,0,255,92.9,75.1,51.5,36.2,37,97,144
남,2021.3.4,170.6,71.3,57.9,37.3,77.1,95.3,82.2,97.3,75,0,0,20,102.9,82.4,54.3,51.9,32.5,101,143.5
남,2021.3.4,167.7,65,59.5,38.3,73.3,96.4,82.4,100.6,76.4,0,0,265,101.1,0,49.4,53.2,41.3,41.2,143.3
남,2021.3.4,171,70.4,58.7,37.1,82.3,94.5,79.4,99.8,75,0,0,260,98.5,81.4,55.4,54.6,39,97,146
남,2021.3.4,167.7,65,58.1,39.6,79.9,105.4,86.4,104.4,77.9,0,0,265,110.6,0,59,55.9,41,49.1,143.4
남,2021.3.4,176.2,75.1,57.5,37.7,77.6,96.5,87.8,99.8,82,0,0,270,102.5,83.1,53.4,52.1,37.5,102.5,150
남,2021.3.4,173.5,72.1,58.9,37.4,81.1,95.3,84.4,98.1,73,0,0,265,98,81.9,56.8,53.9,41.5,94.5,146
남,2021.3.4,169.2,55.1,56.9,34.7,77.6,86.1,67.9,91.9,77.5,0,0,255,93,70.5,54.9,52.2,30,100.5,140.5
남,2021.3.4,172.2,67.1,56.8,36.6,75.9,92.3,78.1,97,77.5,0,0,265,97,78,55.3,48.5,35,99,144
남,2021.3.4,171,65,59.4,39.3,76.7,102.3,96.1,109.4,79.9,0,0,270,106.6,0,56.7,53.6,43.5,47.2,147.3
남,2021.3.4,171,65,59.7,40.1,78.1,98.6,89.4,111,79.4,0,0,280,106.6,0,55.9,55.4,44.3,46.6,147.9
남,2021.3.4,170,76.4,60,38.4,82.5,98.2,87.9,103.1,70.5,0,0,260,104.1,87.3,57.9,56.7,38,93.5,141.5
남,2021.3.4,169.5,81.6,57.2,39.2,85.6,101.1,97.4,104.5,74.5,0,0,270,105.1,91,59.7,58.9,35.5,98.5,144
남,2021.3.4,165.9,70.4,57.6,37.5,80.9,95,85.1,100.9,75.5,0,0,255,104.9,83.5,55.1,55.3,37,93.5,140.5
남,2021.3.4,176.4,73.4,57.4,37.4,85.3,95.3,83.5,100.6,80,0,0,270,100.4,81.5,53.5,59.6,39.5,100.5,150
남,2021.3.4,168.3,65,58.8,41.9,75.2,99.2,85.3,100.9,78.3,0,0,265,104.4,0,55.5,52.6,41.2,46.3,144.3
남,2021.3.4,170.2,71.1,57.1,37.3,69.5,95.2,84.2,101,75,0,0,260,102.2,82.4,46.2,45.9,36.5,97.5,144
남,2021.3.4,166,65,58.7,41.2,74.5,95.4,85.9,103.6,76.8,0,0,255,99.1,0,53.2,52.9,43.2,44.3,143.7
남,2021.3.4,169.3,67.5,55.5,36.7,81.9,92.9,85.5,95.1,75.5,0,0,265,99,79.3,53.9,57.1,35.5,99.5,145
남,2021.3.4,167.5,65,58.3,39,77.5,96.4,85.9,100.9,78.7,0,0,250,103.8,0,55.5,54.9,40.9,46.2,143.6
남,2021.3.4,182.6,98.9,56.7,40.6,79.2,106.8,100.9,112.7,84.5,0,0,280,115,97.4,61.2,50.7,41,106,157
남,2021.3.4,168.5,65,59.5,39.9,77.3,104.4,85.8,104.5,76.6,0,0,270,108.3,0,57.9,53.7,41.9,48.3,144.7
남,2021.3.4,171.4,80.3,56.8,39,73.5,100.1,87.6,103.7,74,0,0,270,105.9,89.6,56.6,46.8,39.5,95.5,145
남,2021.3.4,178.7,68.9,55.6,36.7,73.9,92.2,76.3,95.6,83,0,0,285,95.7,77.2,57.2,47,35,106.5,151.5
남,2021.3.4,168.5,76.4,59.1,38.5,80.3,98.3,86.4,101,73.5,0,0,255,105.5,88,58.1,53.4,38,93,141
남,2021.3.4,184.8,65,61,45.9,85.9,104.6,103.2,114.1,85.8,0,0,275,112.2,0,63.1,60.2,48.7,52.6,162.1
남,2021.3.4,170.4,65,59.5,39.2,78.8,94.4,90,100.3,79.8,0,0,275,97.6,0,54.2,56.8,42.9,45.2,147
남,2021.3.4,174.2,71.2,58.2,37.2,85.2,94.6,80.2,97.3,76.5,0,0,270,98.1,80.7,56,58.7,36.5,99.5,146
남,2021.3.4,176.6,83,59.7,39,68.5,101,88,106.8,78.5,0,0,260,105.2,89.6,53.4,38.9,38,101.5,149.5
남,2021.3.4,177,65,61.1,41.7,79.3,96,90,105,81.4,0,0,270,101.8,0,56.8,56.1,45.5,47.4,153.9
남,2021.3.4,185.7,83.6,58.4,38.7,80.5,100.1,80.9,103.2,82.5,0,0,295,104.9,87.1,59.1,52.9,29.5,117,156.5
남,2021.3.4,167.3,65,55.9,35,73.1,72.6,69,92.1,77.9,0,0,250,78.4,0,45.4,54.7,44.5,37.9,144.8
남,2021.3.4,181.1,103.6,59.1,41.2,85.7,110.5,101.6,111.6,72,0,0,280,113.2,102.3,67.7,55.9,34.5,109.5,154
남,2021.3.4,177.3,86.8,59.8,39.4,88,103.1,87.5,104.2,78.5,0,0,275,109,92.4,63,58.4,39,99.5,148.5
남,2021.3.4,172.6,65,57.8,40.6,78.5,88.1,81.6,101.2,78,0,0,265,97.5,0,54.1,56.5,45.6,45.1,148.9
남,2021.3.4,169.6,75.1,56.8,38,78.1,97.5,87.7,104.7,74,0,0,270,100.5,86.1,51,54.7,36.5,97,143.5
남,2021.3.4,175.4,81.6,57.1,38.8,83.2,100.3,85.7,104.5,78,0,0,280,108,88.8,62.9,54.1,37,101,148
남,2021.3.4,178.7,65,59.4,40.8,81.6,110.9,101.7,112.2,83.9,0,0,275,112,0,57.4,58.2,44.4,47.8,154.4
남,2021.3.4,174.5,69.3,57.7,36.9,83.2,93.2,77.8,96.6,80,0,0,270,102.3,79,57.4,56.8,37.5,99.5,147
남,2021.3.4,175.6,65,58.7,40.9,81.5,95,93.5,108.3,81.7,0,0,260,101.5,0,56,58.7,43.8,46.7,152.6
남,2021.3.4,167.5,81.5,59.1,39.3,81.4,100.7,92.4,110,73.5,0,0,265,108.7,91.3,51,57.3,34,96,140
남,2021.3.4,177.9,81.1,59.5,38.5,74.8,99.7,86.3,102.1,79.5,0,0,270,102.5,87.2,59,47.3,42.5,100.5,153
남,2021.3.4,177.7,66.6,55.5,36.4,91.8,91,82.6,98.3,80.5,0,0,260,95.9,76.1,52.5,66.5,41.5,101.5,153
남,2021.3.4,171.4,65,58.8,40.5,81.3,113,99.3,113.2,80.1,0,0,270,113.7,0,60.3,56.7,42.6,50.2,148.3
남,2021.3.4,170.9,67.9,55.8,36.8,68.5,92.9,84.7,94.1,76.5,0,0,260,96.7,79.2,47.9,46.9,35,98,143
남,2021.3.4,168.4,74.8,56.4,38.1,0,97.5,81.9,103.6,75,0,0,270,102.8,86.4,0,154.9,50.1,94,154.1
남,2021.3.4,175.5,65,57.2,38.5,79.5,89.5,81.6,99.9,82.1,0,0,260,101.2,0,55,57.1,45.5,45.8,152.6
남,2021.3.4,179.4,65,60,43.4,82.8,100,94.9,111,83.8,0,0,275,107.5,0,59.5,58.6,47,49.6,156.9
남,2021.3.4,167.3,65,55.9,39.6,76.9,98.5,80.9,99.2,77.3,0,0,265,104.8,0,56.2,54,41.2,46.9,143.6
남,2021.3.4,174.4,80.3,56.8,38.7,88.2,99.6,83.9,100.3,79.5,0,0,265,104,88.1,61.3,59.8,40,100,150
남,2021.3.4,179.8,77.7,58.8,37.9,81.8,97.2,82.8,103.4,83.5,0,0,270,99.6,83.6,60.5,52.7,37.5,104.5,152
남,2021.3.4,171.3,72.7,56.6,37.6,71.7,95.9,82.6,98.9,75.5,0,0,270,98.3,83.3,56,46.4,39,95,144
남,2021.3.4,176.5,65,59.1,40.7,82.4,110.4,96,110.5,82.2,0,0,280,113.2,0,63.3,56.6,43.4,52.8,153.4
남,2021.3.4,168.5,68.8,58.1,37,76.9,93.8,84.6,100.6,67.5,0,0,265,100,80.8,49.6,52.8,36,96,142
남,2021.3.4,173.2,65,59.1,41.2,78.8,102.9,94.1,103,81.2,0,0,275,106.9,0,56.1,56,43.4,46.8,149.3
남,2021.3.4,179.6,81.6,58.6,38.4,75.5,100,89.1,103.2,79.5,0,0,290,101.9,87,55.8,49.6,41,101,152
남,2021.3.4,167,61.3,56,35.8,79.4,89.9,77.1,96.2,71.5,0,0,255,95.6,75.3,53,56.1,38,91,139
남,2021.3.4,173.7,77.6,58,38.2,79.8,98.2,88.4,101.6,76.5,0,0,285,102,86.3,54.2,54.4,38,96,144
남,2021.3.4,174.5,81.3,56.5,38.9,84.2,100.3,87.3,106.2,79,0,0,265,107.2,88.9,56,59.4,38.5,100,148.5
남,2021.3.4,172.9,65,60.7,43.4,83.3,113.2,96.2,112.1,80.6,0,0,270,115.4,0,65.3,56.7,43.1,54.4,149.1
남,2021.3.4,166.1,79,58.2,39.2,78.7,99.3,88.6,100.5,73.5,0,0,265,108.9,90.4,57.2,53.2,32,98,140
남,2021.3.4,180.7,65,58.5,39.9,83.1,98.4,80.2,106.1,82.1,0,0,255,109.6,0,61.5,58.1,45.1,51.2,154.5
남,2021.3.4,174.8,68,57.1,36.7,0,92.3,80.7,97.8,78,0,0,265,98.6,77.8,0,148.9,39.5,99,148.5
남,2021.3.4,179.2,87,59.4,39.3,93.4,103,95.5,104.8,81.5,0,0,300,104.7,91.9,59.2,65.2,42,101,153
남,2021.3.4,183.1,65,60,42.3,86.3,114.7,100.4,108.5,87.3,0,0,295,118,0,64.3,60.1,45.5,53.6,158.5
남,2021.3.4,168.3,68.4,57.8,36.9,76.4,93.6,79.5,99.8,73.5,0,0,270,96.1,80.5,53.8,50.5,35,96.5,141.5
남,2021.3.4,168.8,66.8,57.2,36.6,79.1,92.6,81.4,100.6,74,0,0,265,96.1,79,53.9,53.6,37.5,93,140.5
남,2021.3.4,174.2,65,57.5,38.9,79.2,104.3,86.5,101.9,81.8,0,0,275,109.3,0,60.5,54.5,42.4,50.4,149.9
남,2021.3.4,175.3,74.4,56.9,37.6,67.6,96.1,80.7,99.9,78,0,0,280,101.3,83,51.5,42.6,33,105,148
남,2021.3.4,173.6,65,56.5,38.8,79,98.8,86.5,106.8,78.8,0,0,275,103.5,0,57.3,55.7,44.2,47.7,149.3
남,2021.3.4,174.9,63.2,56.6,36,89.7,89.3,74.1,92.7,78.5,0,0,265,100.1,74.3,55.4,64.6,35,103,148
남,2021.3.4,166,65,60.8,42.9,78.8,117.1,110.5,114.6,78.8,0,0,275,120.1,0,63.2,53,41.1,52.7,142.6
남,2021.3.4,174.4,82.2,58.6,39.1,0,100.9,89.4,105.2,78.5,0,0,275,107.3,89.6,0,153.7,44.5,99,153.5
남,2021.3.4,178.7,65,60,42.8,83.4,115.5,110.5,110.5,82.6,0,0,280,117.9,0,61.7,58.3,47.6,51.4,155.3
남,2021.3.4,183.8,65,58.2,37.8,79.5,81,71.8,98.5,85.8,0,0,275,90.5,0,51.6,58.5,48.5,43,158.9
남,2021.3.4,172.7,70.4,57.9,37.1,80.6,94.3,81.8,97,80,0,0,260,101.6,80.7,52.1,57.1,37,100,147
남,2021.3.4,165.7,83.8,57.9,39.7,85.1,102.9,93.2,110,68.5,0,0,265,105.8,94.2,58.2,58.6,39,91.5,140.5
남,2021.3.4,163.7,65,57.9,39.3,75.6,94.2,81.3,95.9,75.6,0,0,250,99.4,0,51.9,54.5,42.5,43.3,141.4
남,2021.3.4,171,65.8,56,36.4,86,91.5,76.7,93.2,76.5,0,0,260,107.2,77.2,57.6,59.8,36.5,98.5,145
남,2021.3.4,176.7,80.6,57.2,38.5,88.6,99.4,83.4,100.9,79.5,0,0,270,105.6,87.2,62.5,58.9,36.5,104,150.5
남,2021.3.4,172.1,65,57.1,39.2,78.5,86.5,81.4,101.2,80.4,0,0,260,96.5,0,55,56.2,42.8,45.8,148.4
남,2021.3.4,176.8,89.4,57.7,39.7,75,104.3,90.1,107.8,78.5,0,0,275,110.5,93.8,53.5,45,38.5,101,149.5
남,2021.3.4,167.5,65,57.7,37.9,77.1,101.3,83,97.8,77.7,0,0,260,105.6,0,56.2,54.2,40.5,46.8,143.3
남,2021.3.4,167.8,65,58.1,40.1,76.8,103.1,84.9,100,77.3,0,0,265,106.9,0,56.3,53.9,41.5,46.9,143.7
남,2021.3.4,177.6,73.2,58.6,37.4,0,95.1,83,101.2,80,0,0,270,98,81,0,148.8,38.6,102.5,151.1
남,2021.3.4,182.6,65,57.6,37.8,82.5,95.4,87.7,101.8,86,0,0,285,100.6,0,56.3,59.6,44.2,46.9,156.7
남,2021.3.4,172.6,73.9,58.2,37.6,86.4,96.3,84.6,99.3,76.5,0,0,265,100.6,83.6,54.3,62.5,33.5,102.5,146
남,2021.3.4,172.9,65,55.4,38,78.3,90.9,82,99.7,79.8,0,0,265,102.2,0,57.7,54.8,44.8,48.1,149.7
남,2021.3.4,176.8,65,57.6,37.6,81.9,98.3,88.4,99.3,83.5,0,0,265,107.5,0,60.2,57.4,43.8,50.2,152
남,2021.3.4,160.7,65,59.9,37.3,72.1,95.7,80.8,97.5,70.8,0,0,265,100.8,0,50,51.7,42.8,41.7,140
남,2021.3.4,177.4,81.3,56.7,38.6,79.9,99.9,90.3,101.1,80,0,0,280,101.7,87.5,56.5,53.8,38,104,152
남,2021.3.4,164.9,57.3,52.1,35.2,76.1,88,76.5,91.4,75,0,0,250,90.8,73.3,47.2,53.7,33.5,95.5,139
남,2021.3.4,179,65,57.1,41.7,80.2,100.6,90.8,101.3,84.9,0,0,275,105.3,0,56.1,57.4,45,46.7,154.9
남,2021.3.4,174.3,65,56.9,41.5,81.1,100.8,84.2,102.9,81.8,0,0,265,106.4,0,59.5,56.9,45.3,49.6,150.5
남,2021.3.4,184.1,65,58.1,38.6,85.1,104.1,95.2,109.1,86.4,0,0,280,107.9,0,60.3,60.5,45.9,50.2,160.2
남,2021.3.4,176.4,92.2,60.7,40,75.4,105.9,101.2,102.7,77.5,0,0,260,108.5,95.8,58.3,48.7,39,100.5,149.5
남,2021.3.4,170.4,65,55.1,36.5,75.9,97.2,81.6,96.7,78,0,0,270,105,0,56,53.1,44.2,46.6,147.8
남,2021.3.4,177.5,79.1,59.2,38.2,73.5,98.4,85.3,99,77.5,0,0,270,14.5,85.3,61.5,43.2,36.5,101.5,148
남,2021.3.4,175.4,65,57.8,35.7,76.7,98.7,78.1,100,80.1,0,0,275,102.1,0,53.1,55.1,45.2,44.3,150.6
남,2021.3.4,184.5,78.5,58,37.8,85.7,97,84.6,101.5,85,0,0,270,102.9,82.3,60.6,56.2,39.5,106.5,156
남,2021.3.4,173.5,65,59.8,41.1,78.9,101.7,88.1,105.9,81.6,0,0,275,105.5,0,57.3,55.6,42.5,47.8,149.2
남,2021.3.4,175.4,65,56.5,37.3,79.3,86.5,73.8,95.8,80.9,0,0,270,95.9,0,51.5,58.4,46.2,42.9,151.5
남,2021.3.4,180.6,92.5,57.3,40,84.6,105.2,94.9,106.5,80.5,0,0,280,111.9,95.1,61.3,56.7,42,101,153
남,2021.3.4,189.3,65,60.1,38.5,86.5,101.7,81,103.9,86,0,0,280,110.2,0,60.8,61.8,48,50.6,163.2
남,2021.3.4,173.6,51.1,55.7,33.8,79.2,82.9,62.9,86,81,0,0,265,89.9,67.3,55,51.6,33,104,147
남,2021.3.4,167.2,65,58,39.4,78.6,107.3,84.8,100.3,77.8,0,0,265,112,0,59.8,54.2,43.2,49.9,144.2
남,2021.3.4,169.1,80.4,57.6,39.1,79,100.5,89.6,100.5,70,0,0,270,109.7,90.3,61.7,50.2,35.5,97,142.5
남,2021.3.4,178.8,65,55.8,37.1,79.3,84,73.8,93.8,81.5,0,0,280,93.1,0,51.2,58.5,47,42.7,155.2
남,2021.3.4,173.4,67,57.7,36.6,84.3,91.8,76.3,99,79.5,0,0,265,94.7,77.4,52.2,60.3,32.5,102.5,145
남,2021.3.4,174.8,65,60.9,42.8,80.2,102.6,93.3,107.2,80.1,0,0,270,108.8,0,60.7,55.5,42.2,50.6,150
남,2021.3.4,173.2,65,54.8,33.9,75,94.3,80.4,101.5,79.2,0,0,270,98.7,0,50.1,54.6,45,41.7,149.1
남,2021.3.4,168.4,65,56.8,37.1,73.7,91.1,77.3,98.7,76.3,0,0,265,96.4,0,49.4,53.7,44.3,41.1,145.3
남,2021.3.4,176.9,65,57.8,40.1,79.6,103.2,80.2,100.6,80.8,0,0,280,109.7,0,59.6,55.3,46.2,49.7,151.7
남,2021.3.4,168.5,65,58.7,40.6,76,108.8,100.7,113,78.4,0,0,270,111.2,0,55.9,53.3,43.2,46.5,144.8
남,2021.3.4,176.1,73.1,56.8,37.4,72.6,95.3,84.2,97.4,71.5,0,0,255,101.3,81.5,55.2,47,38.5,101,149.5
남,2021.3.4,175.6,65.8,57.5,36.3,78.1,90.6,80,95.7,81.5,0,0,260,92.7,75.8,52.1,53.1,33,104.5,147.5
남,2021.3.4,176.4,65,57.5,41.1,81.6,106.8,92.6,107.8,81.8,0,0,275,111,0,61.3,56.7,44.9,51,152.2
남,2021.3.4,165.5,58.8,56.9,35.5,75.8,88.8,72,91.8,74.5,0,0,250,89.5,74.3,48.1,54,33,95,138
남,2021.3.4,177.9,65,57.2,37.4,80.7,100.5,89.2,106.8,81.4,0,0,285,104.9,0,58.2,57,44.3,48.5,153
남,2021.3.4,176.5,80.3,57.1,38.4,77,99.2,89.2,102.8,82,0,0,265,103.9,87,58.6,48.2,37,103.5,150.5
남,2021.3.4,173.1,65,56.5,35.4,77.3,84.7,70,89.2,79.7,0,0,255,91.8,0,52.4,56,44.3,43.7,147.9
남,2021.3.4,178,65,57.2,39.6,79.7,90.1,78.3,96.6,81.4,0,0,270,95.9,0,51.9,58.7,45.9,43.2,154
남,2021.3.4,171.8,65,61,42.9,79.2,107.7,97.4,107,79.8,0,0,275,111.5,0,60.9,54.3,44.2,50.8,148.4
남,2021.3.4,164.6,64.6,55.5,36.5,77.4,92,77.7,96.4,74.5,0,0,250,92.9,79.2,50.7,54.3,36,92.5,138.5
남,2021.3.4,169.4,65,57.2,37.1,78.8,102.4,83.2,99.9,78,0,0,255,107.3,0,59.2,54.7,43.7,49.3,145.2
남,2021.3.4,175.9,65.1,57.1,36.2,84.4,90.1,78.1,94.3,81,0,0,270,94.3,75.2,53.4,59.7,35.5,102.5,148
남,2021.3.4,172.9,65,56.5,37.4,76.1,84.3,73.5,96.7,77.2,0,0,260,90.6,0,50.5,55.6,46.4,42.1,149.2
남,2021.3.4,180.2,93.2,58.5,40.2,85.9,105.5,95.9,110.4,81,0,0,285,111.8,95.5,56.1,61,35,109.5,154.5
남,2021.3.4,173.1,65,58.6,40.6,80.2,105,94.5,107,81.3,0,0,275,109.8,0,54.7,58,44.3,45.6,151.1
남,2021.3.4,174.9,65,57.1,37.8,78.8,95.9,88.1,103.7,81.9,0,0,260,98.7,0,52.3,57.6,45.3,43.5,152.7
남,2021.3.4,173.8,68.9,59.1,36.9,80,93,80.9,100.7,75.5,0,0,270,93.2,78.7,49.4,57.2,40,96.5,146.5
남,2021.3.4,181.4,65,56.5,38.6,82,92.1,83.6,102.8,84.6,0,0,280,101.2,0,57.4,58.7,44.8,47.8,157
남,2021.3.4,179.9,68.6,57,36.5,82.5,92,78.2,97.9,83.5,0,0,275,99.6,76.8,59.8,54.4,40.5,103.5,154
남,2021.3.4,179.9,65,59.6,40.2,83.5,106.3,102.3,107.5,83.9,0,0,270,108.6,0,59.7,59.2,46.1,49.8,155.1
남,2021.3.4,165.1,66.5,57.2,36.8,76.3,93,81.9,93.5,71,0,0,265,102.7,80.5,51.2,51.9,31,97.5,138.5
남,2021.3.4,173.5,65,56.8,38.8,80.5,99.6,90.8,100.1,82.1,0,0,270,103.9,0,56.4,57.6,43.7,47,151.3
남,2021.3.4,172.7,62.4,56.8,35.9,77.3,89.3,75.1,95.1,76.5,0,0,255,91.9,74.2,48.9,54.2,32.5,103.5,146
남,2021.3.4,176.1,65,57.8,38.8,78.8,98.9,82.2,102.7,79.6,0,0,275,106.8,0,58.6,54.9,44.1,48.9,152.1
남,2021.3.4,171.9,65,57.1,37.5,76.7,97,78.6,101.4,78.2,0,0,270,101.4,0,52.5,55.4,45.2,43.8,148.6
남,2021.3.4,171.8,69.3,56.5,36.9,78.2,93.7,77.5,94.7,79,0,0,265,98.7,80.3,54.7,56.3,35.5,99.5,145
남,2021.3.4,171,65,56.9,39.3,80.8,99.2,88.4,103.8,79.8,0,0,270,103.7,0,56.5,57.9,41.7,47.1,147.1
남,2021.3.4,179.4,85.7,56.3,39,83.5,102.5,90.6,104.9,81,0,0,275,106.8,90.9,62.1,55,39.5,102.5,152
남,2021.3.4,171.7,65,57.3,39.4,77.3,100.7,85.9,102.1,79.8,0,0,265,107.9,0,59.1,53.2,43.2,49.3,148.5
남,2021.3.4,176.5,65,55.3,35.4,79.1,82.8,71.7,87.8,83.4,0,0,260,89.2,0,54.9,56.8,44.7,45.7,150.7
남,2021.3.4,169.9,68.7,58.9,36.9,79,93.6,80.3,93.5,69.5,0,0,265,103.8,80.2,56.1,54.3,32,100.5,142.5
남,2021.3.4,170.6,65,57.6,38.6,75.9,93.7,78.1,99.2,77.1,0,0,265,103.3,0,56.7,52.7,44.1,47.3,146.1
남,2021.3.4,177.2,87.8,60.3,39.5,80,103.6,95.1,104.4,76.5,0,0,270,104.4,92.8,55.9,54,40.5,99.5,150
남,2021.3.4,175.4,65,59.5,44.8,80.1,99.3,90.4,107.5,78.8,0,0,260,106.1,0,61.4,55.1,44.2,51.2,151.1
남,2021.3.4,185.6,103.7,61.6,40.2,95.6,111,102,111,83.5,0,0,280,113.8,99.4,56.8,70,36,112,158
남,2021.3.4,176.8,65,57.8,42.9,79.5,104.4,89.7,108.3,81.5,0,0,290,111,0,60.7,54.7,44.4,50.6,152.6
남,2021.3.4,170.7,76.5,59.4,38.3,88.7,98.1,86.4,98,74,0,0,0,106.2,87,59.1,61.3,36,97,143
남,2021.3.4,174.2,65,57.4,39.2,79,100.8,88.6,102.4,81.2,0,0,275,106.4,0,57,55.8,44.2,47.5,151
남,2021.3.4,168.1,65,58.1,42.4,77.9,100.9,92.7,104.2,79.6,0,0,265,104.4,0,54.6,55.7,41.3,45.5,144.4
남,2021.3.4,163.6,69.4,58,37.6,82.5,94.9,82.9,98.8,71,0,0,255,100.6,83.5,53.3,57.5,36.5,91.5,138
남,2021.3.4,172.7,65,60.4,40,80.2,102.2,92.8,105,79.4,0,0,265,106.6,0,60.2,55.7,44.8,50.2,150.5
남,2021.3.4,164.4,66,55.7,36.8,77.2,92.7,78.3,93.3,74.5,0,0,245,99.6,80.1,56.8,51.4,33,95.5,138.5
남,2021.3.4,172.1,65,58.7,36.9,74.4,86.6,78.2,100.1,78.5,0,0,255,93.6,0,53.4,52.7,45.1,44.5,148.8
남,2021.3.4,179.1,76.6,58.8,37.8,87.2,96.9,88.8,103.8,81,0,0,270,103.5,82.9,58.8,58.9,40.5,101,151.5
남,2021.3.4,178.4,65,58.8,42.1,81,99.4,89,101.3,83.9,0,0,270,106,0,60.6,56.3,45.7,50.5,155.2
남,2021.3.4,169.2,67.6,57.5,36.7,80.3,93,84.5,99.4,76.5,0,0,260,104.5,79.5,56.5,53.4,38,96.5,144.5
남,2021.3.4,171.2,65,59.4,47.7,80.1,108.8,105.7,112.5,81,0,0,270,111.4,0,61.8,54.9,44.6,51.5,149.9
남,2021.3.4,170.9,65,59.1,37.7,76.9,105,86.1,103.3,79.6,0,0,250,108,0,56.1,54.1,43.2,46.8,146.5
남,2021.3.4,164.7,58.3,55.6,35.5,76.8,88.7,69.9,93.7,70.5,0,0,255,97.6,74.3,54.9,51,34,93.5,137.5
남,2021.3.4,175.9,65,57.4,39.9,81.7,98.2,80.2,102.5,80.6,0,0,270,105.6,0,61.1,56.8,45.5,50.9,152.8
남,2021.3.4,178.4,82.6,23.1,38.7,0,100.7,86.8,104,81.5,0,0,275,60.9,88.6,0,157.3,27.1,103,140.1
남,2021.3.4,172.7,65,59,42.3,80.5,111.6,97.8,109.4,78.6,0,0,280,116.8,0,64.6,54.1,44.5,53.8,148.5
남,2021.3.4,178.4,65,59.3,40.2,81,99.2,93.4,108,81.8,0,0,270,104.1,0,58.8,57.1,46.7,49,155
남,2021.3.4,178,65,57.4,38.9,79.8,87.1,77.3,100,82.3,0,0,270,98.7,0,58.1,56.2,44.8,48.4,151.6
남,2021.3.4,174.4,67,57.6,36.5,84.4,91.5,77.7,95.5,76,0,0,270,95.6,77,54.5,58.7,33,101.5,144.5
남,2021.3.4,170.2,65,60.1,38.4,80.4,102.9,92.1,108.1,80.9,0,0,270,105.7,0,55.9,57.6,42,46.6,146.5
남,2021.3.4,173.9,71.4,57.1,37.2,80,94.8,81.8,99.1,71.5,0,0,275,99.7,80.9,59.1,51.1,34,102,146
남,2021.3.4,174.3,65,57.2,38.8,78.4,85.7,78.9,97.6,79.5,0,0,275,92.5,0,53.7,56.6,47.7,44.7,152.2
남,2021.3.4,179.5,78.2,57.2,38,83.3,97.7,83.8,104.2,83.5,0,0,260,105.1,84,55.5,57.9,38,103.5,151.5
남,2021.3.4,166.1,65,57.2,38.9,76.4,89.6,79.7,97,76.2,0,0,275,95.9,0,51.9,55.4,42.8,43.3,143.8
남,2021.3.4,169.1,65,56.2,36.2,74.6,90.1,74.2,94.9,78.1,0,0,255,95.2,0,53,53.1,43.5,44.2,145.6
남,2021.3.4,174.9,74.7,58,37.7,81.6,96.6,85.6,98.8,78.5,0,0,260,101.3,83.4,53.1,56.9,37.5,101,148.5
남,2021.3.4,172.5,65,60.3,41.7,79.7,93.1,79.6,100.8,81.4,0,0,275,98.8,0,59.7,55.3,42.8,49.8,149.9
남,2021.3.4,179.6,70.3,56.9,36.8,79.6,93.3,76.7,95.3,82,0,0,265,101.9,77.9,60.9,49.3,39,104.5,153.5
남,2021.3.4,172.6,65,58.5,38.6,78.4,96.1,93.6,106.1,80.3,0,0,270,100.9,0,54.4,56.3,43.4,45.3,148.8
남,2021.3.4,166.5,65,57.8,37.9,77.5,99,80.6,98.1,78.2,0,0,270,103.2,0,57.7,54,42.5,48.1,143.8
남,2021.3.4,170.9,88.5,58.2,40.2,77.2,105.2,94.6,108.4,73.5,0,0,275,107.5,95.8,55.8,50,42.5,93.5,146
남,2021.3.4,172.6,75.9,57.9,38,78.2,97.5,84.5,101.9,75,0,0,270,98.1,85.4,56.4,51.6,37.5,97,144.5
남,2021.3.4,177.3,72.9,57.5,37.4,83.9,94.9,75.7,95,79.5,0,0,275,100.4,80.9,55.1,58,36,104,150
남,2021.3.4,178.9,79.4,58,38.1,86.3,98.6,86.2,100.9,80,0,0,275,105.7,85,58.1,57.9,40,102,152
남,2021.3.4,181.7,90.8,59.8,39.6,85.3,104.5,93.1,107.4,81,0,0,280,108.3,94,61.6,57,40.5,102.5,153
남,2021.3.4,175.4,65,58,39.2,80,100.3,82.5,103.7,80.8,0,0,280,107.8,0,59.3,55.9,44.8,49.4,150.8
남,2021.3.4,168.4,65.3,56.7,36.4,0,91.9,80.9,94.2,76.5,0,0,255,94.6,77.9,0,154.7,43.7,98,151.7
남,2021.3.4,171.4,74.7,57.9,37.8,87,96.9,85.5,100.8,75,0,0,260,106.3,84.9,56.4,62.1,38,97,145
남,2021.3.4,172.5,65,60.2,40.1,80.2,106.6,94.4,104.1,80.4,0,0,260,112.2,0,59.4,56,42,49.5,148.3
남,2021.3.4,172.5,79.5,57.4,38.7,83.1,99.4,87.9,101.8,76.5,0,0,265,108.8,88.2,59.4,56.2,37,98.5,145.5
남,2021.3.4,174.9,83.4,56.5,39.2,83.3,101.3,93.5,101.6,78.5,0,0,270,107.6,90.4,57.3,57.3,35,103.5,148.5
남,2021.3.4,167.6,65,58,39.2,77.3,104,88.7,107.3,75.6,0,0,270,108.7,0,59.4,53,42.6,49.5,144.2
남,2021.3.4,166.2,87,57.6,40.1,67.5,104.4,95.6,106.9,71,0,0,270,109,96,57.9,41.1,39.5,90.5,140
남,2021.3.4,177.5,65,59.1,43.3,84,104.5,92.5,107.3,83.7,0,0,290,110.8,0,63,58.3,45.4,52.5,154.1
남,2021.3.4,171.7,65.9,55.9,36.4,63.7,91.5,78.9,96.6,76,0,0,275,41.5,77,18.4,65,39.8,98,147.8
남,2021.3.4,159.4,65,56.3,36,71,88.9,74.7,92.9,71.7,0,0,245,95.4,0,52,49.9,39.9,43.4,137
남,2021.3.4,175.1,64.5,57.8,36.2,71.8,90,79.1,95.7,78,0,0,270,96.3,75.1,50.9,48.5,34.5,102.5,147
남,2021.3.4,180.4,71.7,57.1,37.1,75.3,93.8,80.1,99.1,82.5,0,0,265,102.5,78.8,52.3,47.1,38,104.5,152.5
남,2021.3.4,176.9,65,58.3,38,79.8,88.9,84.1,104.2,82.2,0,0,265,96.2,0,55.8,57.1,47.2,46.5,153.9
남,2021.3.4,170.9,80.4,58.7,39.1,72.5,100.2,89.4,104.6,76.5,0,0,265,104.9,89.9,55.8,45.4,34.5,99,143.5
남,2021.3.4,177.2,65,56.7,35.8,79.1,80.2,77.3,94.7,83.4,0,0,275,86.7,0,52.3,57.9,47,43.6,153.4
남,2021.3.4,180.5,85.9,57.7,39,85.2,102.4,92.1,102.6,81.5,0,0,280,110.6,90.9,59.2,57,37,106,153
남,2021.3.4,172,73.9,60.4,37.6,82.1,96.4,85.1,99.5,77.5,0,0,270,105.1,84,51.2,58.4,37.5,98,145.5
남,2021.3.4,170.5,65,57,40,79.5,100.6,87,104.1,79.7,0,0,270,105.1,0,56.6,56.5,43.8,47.2,147.4
남,2021.3.4,186.3,84.8,58.3,38.6,78.4,100.2,85,101,82,0,0,270,106.6,86.9,58.9,49.6,43.5,104.5,158
남,2021.3.4,165.8,65,56.4,37.3,76,94.2,74.9,94.6,75.8,0,0,250,101.5,0,55.3,53.5,43.4,46,144.1
남,2021.3.4,177.6,65,57.6,40.5,81.1,101.9,91.7,102.7,83.7,0,0,265,107.4,0,58.9,57.1,46.3,49.1,154.4
남,2021.3.4,173.9,87.3,56.9,40,75.8,103.9,89.2,102.7,77,0,0,275,111.1,94.2,52.6,46.5,37.5,100,147.5
남,2021.3.4,172.9,62.7,59.5,35.9,72.3,89.5,77,92.1,78,0,0,265,94.8,74.4,55,47,36,99,145
남,2021.3.4,170,65,57.7,38.8,77.2,97.1,83.3,100,77.9,0,0,265,104.5,0,56.6,54.2,42.8,47.1,146
남,2021.3.4,168.5,52.4,56.8,34.3,66.2,84.3,71.9,88,74.5,0,0,265,87.8,68.6,45.7,45.4,33.5,100.5,144
남,2021.3.4,176.3,97.6,58.2,41.1,81,107.9,100.4,110.2,76.5,0,0,285,116,100.5,56,54.3,31,108.5,149.5
남,2021.3.4,166.5,65,57.2,36.5,73.5,83.2,77.7,95.9,78.5,0,0,265,88.5,0,47.7,54.2,44.3,39.7,144.6
남,2021.3.4,169.3,61.8,57.9,35.8,82.8,89.8,70.2,91.8,78.5,0,0,250,97.6,74.7,53.4,57.1,35,100,145
남,2021.3.4,184.9,83.9,57.2,38.7,82.9,100.3,89.5,105.8,80,0,0,275,100.5,87,58.2,55.6,40.5,107,157.5
남,2021.3.4,177.5,61.7,58.7,35.8,81.2,88.3,74.6,93.3,83,0,0,265,91.4,73.4,52,56.9,37.5,103.5,151
남,2021.3.4,175.8,73.2,56.9,37.4,79.6,95.4,85.3,98.3,78.5,0,0,255,104.1,81.7,54.2,54.3,38,100.5,148.5
남,2021.3.4,170.3,82.6,58.3,39.4,81,101.5,92,106.1,74,0,0,280,105,91.9,60.2,54.2,39.5,94,143.5
남,2021.3.4,171.7,68.1,56.2,36.8,86.2,93,79.3,97,76.5,0,0,260,104.2,79.1,52.8,60.1,31.5,101,142.5
남,2021.3.4,182.6,89.1,58.9,39.2,83.2,103.3,88.9,104.6,80.5,0,0,280,105.2,92.2,58.9,54.2,42,101.5,153.5
남,2021.3.4,173.6,62.6,57,35.9,66.2,89.3,77,93.1,77.5,0,0,255,96.1,74.2,53,41.2,37,100,147
남,2021.3.4,169.4,68.9,57.2,37,79.3,93.8,78.7,98.4,75.5,0,0,270,95.3,80.5,54.6,52.5,37.5,97.5,145
남,2021.3.4,174.2,63.4,56.5,36,78.2,89.5,78.2,94.7,74,0,0,255,92.4,74.6,52.1,53,32,104,146
남,2021.3.4,176.9,75.8,58.5,37.8,85.1,96.7,81.5,101.8,78,0,0,275,100.9,83.3,51,60.5,40,100,150
남,2021.3.4,180.4,81.8,57.4,38.4,0,100,89.4,105.9,82.5,0,0,275,102.1,86.9,0,147.8,41.7,103,154.7
남,2021.3.4,171.8,65,63.4,45.7,83.2,116.4,105.4,112.4,78.9,0,0,265,118.8,0,65.1,56.6,44.7,54.2,149.4
남,2021.3.4,168.6,65,58.5,40.5,78.7,110.7,96.9,108,79.4,0,0,265,115,0,60.1,54.2,42.2,50.1,145.9
남,2021.3.4,173.7,65,60.8,42.9,79.5,102.1,87.4,102.6,79.8,0,0,265,107.2,0,60,55.1,42.9,50,150.5
남,2021.3.4,178.8,67.6,57.5,36.5,88.7,91.7,79.1,95.8,80,0,0,260,102.5,76.3,58,62.3,40,102,152
남,2021.3.4,167.8,67.6,59.8,36.8,78.9,93.2,78.7,94.2,75.5,0,0,265,101.3,80.1,55.5,52.7,33,95,138
남,2021.3.4,175.8,82.9,58.6,39.1,84.7,101,85.3,101.2,78,0,0,280,107.2,90,58.1,59,32.5,107,149.5
남,2021.3.4,165.3,65,56.2,35.9,75,82.1,75.2,98.4,76.5,0,0,260,87.3,0,50.8,54.3,44.3,42.3,144.4
남,2021.3.4,182.5,77,60.6,37.7,87.6,96.6,80.8,101,85,0,0,270,109.5,82.1,58.2,61.2,37,107.5,154.5
남,2021.3.4,179.4,104.8,61.2,41.8,89.4,111.7,108.2,116.6,80.5,0,0,275,112.9,105,56.9,64.3,34,111,155
남,2021.3.4,174.7,65,58.9,42.6,82.3,101.7,89.6,102.9,79.9,0,0,275,108,0,59.6,58,46.7,49.6,151.9
남,2021.3.4,168.8,65,57.3,36.7,77.4,84.1,77.2,93.4,78,0,0,265,92.3,0,52.6,56.1,42.5,43.8,146.3
남,2021.3.4,172.2,90.8,57.9,40.1,89.3,105.8,92.1,109.3,77,0,0,280,115.2,95.6,61.2,63.2,38.5,98.5,147
남,2021.3.4,179.8,70.6,59.2,36.8,89.9,93.3,78.7,96.2,80.5,0,0,285,107.6,78,59.1,60,33.5,106,149.5
남,2021.3.4,175.6,65,59.1,39.8,78,92.3,86.3,104.4,81.4,0,0,270,99.4,0,56,55.2,45.2,46.7,153.3
남,2021.3.4,177.5,67.5,55.1,36.5,68.3,91.7,80.3,96.5,82,0,0,260,100.6,76.7,48.7,45.8,37.5,104,151.5
여,2021.6.16,163.4,48.9,55.4,33.6,61.3,85,73.7,91,76,,,230,85,66.6,44.7,39.3,34,92,136
여,2021.6.16,158.1,60.2,56,36.4,86.8,95.5,77.5,97,69.5,,,235,91,78,49.2,48.6,52,91,153
여,2021.6.16,165.9,54.9,52.4,34.7,81,83.6,68.2,92.3,78,,,250,86.2,71.4,46.6,58.4,23.5,105.5,139
여,2021.6.16,169.7,52.6,54.5,34.3,81.3,82.3,70.9,94.2,79,,,245,84.3,68.7,45.8,60.4,34,98,142
여,2021.6.16,171.8,72.4,57.7,37.5,74.9,100.4,85.5,99.8,79,,,240,100.4,82.9,49.5,52.5,35,100,145
여,2021.6.16,161.9,53.4,56,34.5,74.7,87.4,69.5,90.8,74.5,,,230,90.7,71.1,45.4,51.2,27,96.5,133.5
여,2021.6.16,156.4,49.3,52.1,33.4,55.5,2,73,92.3,71.5,,,230,2.6,70.2,18.7,56.6,40.6,89.5,140.1
여,2021.6.16,168.2,58.2,54.2,35.2,64.7,2,76.7,93.6,81.5,,,245,67.6,72.7,16.9,65.9,29.4,100.5,139.9
여,2021.6.16,158.9,76.8,57.2,39.4,75.7,103.1,97.7,109.7,71,,,245,103.1,89.6,54.1,49.7,30.5,92.5,133
여,2021.6.16,167.6,61.7,53.7,35.8,82.7,94.9,79.7,98.7,69,,,240,91.7,75.2,46.6,61,32.5,97,139.5
여,2021.6.16,157,57.6,57.6,36.2,72.7,85.9,78.6,93,75.5,,,240,89.1,76,46,51,32.5,89.5,132
여,2021.6.16,169.7,70.7,53.7,37.2,78.6,91.8,86.3,100.9,77.5,,,255,90.2,82.2,48.9,54.8,34.5,100.5,145
여,2021.6.16,171.6,72.6,55.2,37.5,78.6,93.4,85.5,105,77.5,,,250,93.9,83.2,46.6,56.2,31,103,144
여,2021.6.16,166.5,58.1,54.3,35.3,60.4,93,81.3,96.8,76.5,,,230,90.7,73.4,45.3,38.9,34.5,94,138.5
여,2021.6.16,160,50.5,50.9,33.9,75.9,77,72.5,91.9,73.5,,,225,79.7,69.1,41.2,56.5,32.5,91,133.5
여,2021.6.16,165,58.7,52.4,35.5,82.1,85.7,75.8,97.3,77,,,240,88.9,74.4,47.5,58.7,29,98.5,137.5
여,2021.6.16,168.7,81.1,57.2,39.2,84.7,106.7,96.9,107.6,78,,,255,105.9,90.9,56.7,57.7,30,104,144
여,2021.6.16,162.2,73.2,56,38.4,73.2,100.2,88.9,106.5,70.5,,,245,98.3,87.5,51.3,49.4,35,91,136
여,2021.6.16,162.2,59.7,56,35.9,72.8,90.2,73.4,96.7,76.5,,,240,94.8,76.8,51.4,49.3,26,99,135
여,2021.6.16,158.5,50.2,54.7,33.9,76.6,87.4,72.9,90.5,75.5,,,230,86.4,69.5,41.4,56.2,30.5,93.5,134
여,2021.6.16,167.7,60.8,52.6,35.6,76.9,86.5,69,99.2,80,,,245,87.7,74.5,48.8,53.2,26.5,105.5,142
여,2021.6.16,161.6,51.4,52.7,34.2,74.5,86.6,74.9,91.4,67.5,,,235,87.6,69.8,43,53.8,30,95.5,135.5
여,2021.6.16,164.6,54.3,53,34.5,82.1,83.8,70.9,91.2,72.5,,,245,84.3,71.2,44.9,60.8,27.5,99.5,137
여,2021.6.16,170.9,63.3,55.4,36,75.1,96.8,69.3,94.7,67,,,250,89.8,75.4,56,36.1,30,101,141
여,2021.6.16,166.9,61.6,55.5,35.8,0,88.3,76.7,103.3,78,,,230,89.5,75.6,0,150.9,27.9,102,139.9
여,2021.6.16,173.8,58.3,57.1,35.1,66.5,85.1,79.2,95.1,83,,,255,84.6,71.5,42.1,46,38,99,147
여,2021.6.16,162.1,67.9,54.5,37.4,73.2,96.9,83.2,100.3,71.5,,,235,97.3,83.2,53.4,48.3,34.5,90.5,135
여,2021.6.16,160.2,44.4,54.1,33,70.9,78.7,65.3,87.5,74.5,,,240,80.1,62.8,43,51.7,30.5,93,133.5
여,2021.6.16,163.6,45.5,53.3,32.9,73.1,78.3,68.4,88.2,74.5,,,235,81.5,64,42.9,52.2,38,94.5,142.5
여,2021.6.16,172.6,64.2,54.9,36.2,0,96.5,79.6,96.3,82.5,,,245,96.6,75.7,0,159.3,21.4,104,135.4
여,2021.6.16,164.1,67.8,57,37.1,77,96.1,77.3,99.8,74.5,,,245,94.8,81.5,46.4,53.3,31.5,95.5,137
여,2021.6.16,160.2,48.3,53.9,33.2,79.7,81.6,75.4,92.3,72.5,,,240,80.8,66.2,45.1,57.8,33.5,89,132.5
여,2021.6.16,165,71.7,55.3,37.8,74.3,101.9,84,102.6,75.5,,,230,97.9,84.9,49.4,51.8,32,97,139
여,2021.6.16,165.2,57.5,54.9,35.2,86.2,91.7,75,94.8,78,,,240,92.8,73.5,47.4,63.2,27,100.5,137.5
여,2021.6.16,160,59,52.9,36.2,65.1,93.9,77.3,97,73.5,,,245,96.3,76.9,49.2,40.3,29,94,133
여,2021.6.16,166.6,68,55.8,37,77.4,95.3,82.9,97.8,80,,,230,93.5,81,51,54.8,33,97.5,140.5
여,2021.6.16,158.3,57,55.3,36.1,77.9,88,82.7,94.3,71.5,,,235,87.6,75.8,46.3,55.8,34,87,131
여,2021.6.16,160,62.2,58.5,36.7,74,92.3,86.5,100.7,74.5,,,250,90.3,79.5,47,52.6,34,91.5,135.5
여,2021.6.16,164.4,48,56.6,33.4,58.9,80.6,66.9,85.9,77,,,245,83.1,65.4,42.8,38.3,31,97.5,138.5
여,2021.6.16,167.3,55.2,54.2,34.7,71.2,88.5,74.2,95.4,76,,,250,91.1,71.1,47.2,48.8,30.5,97,137.5
여,2021.6.16,161.1,59.1,53.8,36,76.9,90.1,79.8,95.7,72.5,,,240,91.6,76.7,44.3,56.5,31,93.5,134.5
여,2021.6.16,162.7,54.5,56.1,34.6,57.6,82.7,71.8,97.6,74,,,230,88.5,71.7,43.9,37.4,30.5,94,134.5
여,2021.6.16,167.9,57,57.2,34.9,62.8,91.5,76,93.8,81,,,245,89.3,71.9,47.7,40.5,30.5,100,140.5
여,2021.6.16,162.7,68.7,55.3,37.5,77,100.3,82.9,97.3,74,,,235,99.4,83.5,47.8,53.9,33.5,92.5,136
여,2021.6.16,170,70.3,58,37.1,81.4,95.5,81.8,101.5,79,,,255,93.5,81.8,50.3,57.9,29.5,105.5,145
여,2021.6.16,165.9,68.2,55.7,37,76.4,96.8,85.2,99.7,73.5,,,250,96.8,81.5,46.5,54.8,34,94,138
여,2021.6.16,160.9,73.3,55,38.5,61.1,102,89.3,101.3,73.5,,,245,101.2,88.3,44.7,37.7,32.5,96,138.5
여,2021.6.16,162.1,72.5,55.3,38.4,77.7,101.8,87,102,73,,,250,105.1,87.4,58.7,50.1,32,94,136
여,2021.6.16,165.8,77.6,55.5,39,77.9,104.9,90.5,105.7,73.5,,,245,102.4,89.9,51.9,51.6,31.5,98,139.5
여,2021.6.16,162.3,62.2,57.2,36.4,73.3,92,83.2,98.7,72.5,,,245,91.2,78.7,44.5,52.6,36,90,136
여,2021.6.16,159.6,52.9,55.1,34.6,67.8,82.8,71.3,94.7,75,,,235,84.6,71.8,51.1,41.8,28.5,94.5,133
여,2021.6.16,159.8,52.8,55,34.6,70.7,81.1,71.6,91.9,72.5,,,240,84,71.8,44.7,49.5,32.5,91.5,134
여,2021.6.16,160.2,47.3,54,33.2,72.4,80.5,66,89.7,74,,,235,80.2,64.9,44.8,52.7,29.5,94.5,134
여,2021.6.16,167.5,58.6,55.1,35.3,59.4,84.5,80.9,97,67,,,240,86.6,73.3,44.6,35.7,35.5,94.5,140
여,2021.6.16,169.2,58.9,55.8,35.3,79.6,86.4,72.6,94.3,80.5,,,240,87.8,72.8,47,55,36.5,98,144.5
여,2021.6.16,161.1,51.2,54.5,34.1,65.4,82.3,74.6,93.5,73.5,,,240,82.1,69.7,42.9,44.8,31.5,91,132.5
여,2021.6.16,160,58.8,54.8,36.2,73.1,90.1,76.6,98.2,75,,,235,90.1,76.9,45.5,50.5,29,94.5,133.5
여,2021.6.16,168.9,66.1,54.6,36.5,79.5,93.3,83.3,100.3,79,,,250,90.8,78.4,47.5,58.1,38,95.5,143.5
여,2021.6.16,163.3,53.6,52.3,34.5,76.5,80,74.6,93.1,76,,,240,82.5,71.5,46.4,53.4,31.5,94.5,136
여,2021.6.16,161.4,53.6,53.2,34.7,73,89.1,75.6,96.1,79,,,230,81.7,72,44,53,30.5,94.5,135
여,2021.6.16,168.9,71,55,37.3,86.2,85.8,83.5,105,78.5,,,250,88.1,82.7,46,56,42,100,152
여,2021.6.16,163.1,60.1,55,35.8,61,86.5,78.7,96.5,74.5,,,245,88,76.5,49.2,37,32.5,93,135.5
여,2021.6.16,163.8,65.3,53.8,36.7,75.5,91.6,82,100.5,74.5,,,250,92.3,80.1,51.3,50.8,33.5,94,137.5
여,2021.6.16,166,50.5,53,33.8,74.7,81.8,71.5,92.2,77.5,,,235,81.1,67.5,41.6,55.1,34.5,95,139.5
여,2021.6.16,172.4,60,55.8,35.5,79.3,85.2,74.1,96.3,81.5,,,250,87.6,72.8,46.9,57.1,30.5,106.5,147
여,2021.6.16,160.8,54.1,54.7,34.8,63.2,86.9,76.5,92.9,74,,,230,86.3,72.7,51.2,38.6,32,94,136
여,2021.6.16,172.3,54.4,56.5,34.6,82,82.8,75.9,91.5,84,,,250,84.1,69.4,48.6,58.9,34.5,100.5,145
여,2021.6.16,162.4,47.5,53.2,33.2,61.3,79.8,66.1,87.6,73.5,,,235,78.9,64.8,39.8,42.9,31.5,94,135.5
여,2021.6.16,169,69.3,55.4,37.1,0,92,88.4,99.7,77,,,0,93.3,81.3,0,149.1,29.7,95.5,135.2
여,2021.6.16,160.1,48.3,55.5,33.2,71.5,82.1,70.3,90.3,76,,,240,82.1,66.2,44.7,51.9,31,94,135
여,2021.6.16,159.2,55.1,56.3,35.2,77.6,83.7,75.8,97,73,,,235,85.3,73.9,44.2,56.2,31.5,90.5,132
여,2021.6.16,170.9,70,55.8,37,73.9,95.6,81.2,104,78.5,,,0,96,81.2,52.9,48.2,31.5,100,141.5
여,2021.6.16,173.9,73.3,56.8,37.5,74,114.9,85.9,105,82.5,,,260,92.8,82.7,50.8,50.3,35.5,102,147.5
여,2021.6.16,163.4,58.1,54.2,35.5,65.9,85.7,73.5,96.9,77,,,230,87.7,74.9,44.4,44.3,27,100,137
여,2021.6.16,162.9,82.1,55.7,39.7,74.1,101.5,89.8,108.3,73,,,245,101.4,92,54,46.8,36.5,91,137.5
여,2021.6.16,160.8,52.6,58.1,34.4,0,79.8,72.9,93,75.5,,,230,81.1,70.9,0,148.3,31.1,96,137.1
여,2021.6.16,167.4,55.4,56.5,34.7,70.3,88,71.5,91.3,78.5,,,260,89.9,71.2,49.5,47.7,29.5,100.5,140
여,2021.6.16,168.4,50.9,55.5,34,75.7,79.4,69.4,93.6,81,,,240,81.9,67.5,42.5,53.5,31.5,101.5,143
여,2021.6.16,164.5,53.2,55.1,34.4,0,79.7,79.8,91.7,79.5,,,245,79.7,70.4,0,153.2,6.6,121.5,138.1
여,2021.6.16,174.4,64.5,54.8,36.2,0,84.6,76.7,99.7,81.5,,,250,82.6,75.2,0,145.7,31.3,100.5,141.8
여,2021.6.16,160.1,55.9,53.5,35.2,0,83.2,72,97.5,75,,,240,82,74.3,0,155.3,37,94.5,141.5
여,2021.6.16,166,57.1,56.3,35.1,82,87.5,76.1,93.6,75,,,230,89.4,73,47.4,59.9,34.5,95,139.5
여,2021.6.16,168.9,77.4,55.6,38.7,0,85.9,87.4,106.2,78,,,250,94.9,88.6,0,146.8,35,96.5,141.5
여,2021.6.16,163.3,58.7,56.8,35.7,0,85.5,75.2,97.4,73.5,,,245,88,75.5,0,149.1,31.4,100.5,141.9
여,2021.6.16,157.3,57.2,55.4,36.1,73.1,85.7,77.4,96.5,68.5,,,235,89.8,76,45.5,52,29.5,91,130.5
여,2021.6.16,159,52.1,54.7,34.3,0,83.8,76.8,92.1,76.5,,,240,85.2,71.2,0,149,40.5,92.5,143
여,2021.6.16,159.2,52.4,56.3,34.4,66.1,88.7,79.7,94.3,73.5,,,235,88.2,71.2,41,45.9,33.5,89.5,133
여,2021.6.16,157.4,55.9,54.7,35.4,0,86.5,75,93.3,71.5,,,0,87.4,74.4,0,161.2,39.3,93.5,142.8
여,2021.6.16,162.7,51.6,54.4,34.2,73.2,81.8,69.4,89.9,75,,,0,83.8,69.5,45.9,51.2,32,94,136
여,2021.6.16,168.7,51,55.2,34,0,2,66.3,89.3,77.5,,,240,80.7,67.8,0,153.5,21.9,103,134.9
여,2021.6.16,169.2,60.4,54.4,35.5,88.6,2,76.4,99.4,82,,,255,20.2,73.8,27.7,67.1,32.5,101.5,144
여,2021.6.16,164.7,64.6,56,36.5,0,85.3,87,101.8,69,,,250,87.8,79.1,0,154.5,34,92,136
여,2021.6.16,161.3,66.4,56,37.3,76.7,94.1,83.8,102.5,74.5,,,245,94.7,82.5,44.6,52.8,26.5,99.5,136
여,2021.6.16,152.8,60.4,56.5,37.1,0,85.5,78.3,100.3,69.5,,,235,83.4,77.1,0,155,35.9,89.5,135.4
여,2021.6.16,161.8,61.1,56.3,36.2,68.4,87.3,83.8,101.1,74.5,,,240,89.6,78.1,46.2,45.8,32.5,92,134.5
여,2021.6.16,155.7,54.7,53.9,35.6,68.2,89.2,72.9,94.3,72,,,235,89.9,74.8,42.9,48.1,28.5,92,130.5
여,2021.6.16,172.7,67.2,55.7,36.6,0,88.7,73.4,98.1,78.5,,,250,88.4,77.9,0,147.9,18.6,105.5,134.1
여,2021.6.16,166.8,57.4,55.9,35.1,0,83.8,71.7,95.9,77,,,235,87.7,72.7,0,158.9,23.5,97,130.5
여,2021.6.16,154.7,66.6,55.8,37,70.5,94.4,80.5,99.6,71,,,230,96.5,85.2,56.3,46,28.5,92.5,131
여,2021.6.16,157.9,54.8,54.3,35.4,0,2,80.4,94.1,72.5,,,235,4.4,74,0,152.3,34.6,90,134.6
여,2021.6.16,166.8,63.4,56.4,36.1,0,94.1,82.2,96.1,79,,,250,93.8,77.2,0,151.7,23,98,131
여,2021.6.16,170.2,58.9,54.5,35.3,0,82.9,64.2,95.2,82,,,255,83.8,72.6,0,153.3,15.3,109.5,134.8
여,2021.6.16,159.2,49.5,54.4,33.7,76.4,82.3,66.6,90.6,73,,,235,84.3,68.4,47.5,53.4,26,96.5,132.5
여,2021.6.16,164.4,51.1,55.9,33.9,69.3,78.9,69.1,89.8,77,,,0,77.9,68.8,49.2,44.4,30,97.5,137.5
여,2021.6.16,168.4,63,54.1,36,66.6,92.5,75.4,100.2,79.5,,,235,93.6,76.2,48.1,45,28,103.5,141.5
여,2021.6.16,163.5,51.5,53.8,34.3,0,77.1,70.4,90.6,76,,,245,78.8,69.9,0,157.8,32.6,95.5,138.1
여,2021.6.16,166.4,52.5,54.1,34.3,0,2,0,97.8,80.5,,,240,0,69.4,0,45,28,103.8,141.8
여,2021.6.16,160.1,66.5,56.1,37.5,0,92.4,84.7,99.7,72.5,,,235,89.2,82.7,0,144.9,35.1,92.5,137.6
여,2021.6.16,164.7,64.8,55,36.5,70.9,96,78.8,98,74,,,245,97.7,79.2,48.4,46,32,95.5,137.5
여,2021.6.16,163.4,47.1,53.7,33.4,77.4,76.9,72.9,90.1,77.5,,,0,79.1,64.8,44.8,55.2,34,93,137
여,2021.6.16,166.4,64.1,57.4,36.3,70.4,92.2,83.1,100.2,72,,,245,88.6,78.1,48.4,48.4,34,96.5,140.5
여,2021.6.16,162.1,50.7,52.6,33.8,76.3,76.6,68.6,92.9,75,,,240,78,68.4,47.9,52,31,95,136
여,2021.6.16,175.1,78.2,56.4,38.3,79.5,90.2,86,105.5,83.5,,,260,92.9,86,47.1,55.1,33.5,105,148.5
여,2021.6.16,159.7,58.9,55.9,36.2,65.5,85.4,75.1,96.1,70,,,240,87.5,76.9,51.2,41.3,32.5,90.5,133
여,2021.6.16,160.4,60,53.9,36.2,71.9,92.7,78.8,95.6,74.5,,,240,91.6,77.7,48.6,48.6,29.5,95,134.5
여,2021.6.16,164.6,50.8,55.3,33.7,72,77.5,69,91.2,75.5,,,0,81.8,68,46.9,49.4,32,97,139
여,2021.6.16,161.2,59.4,54.1,36,75.6,88.4,80,97.1,73,,,240,88.1,77,45,54.8,34,90.5,134.5
여,2021.6.16,163.5,60.8,53.8,35.9,0,91.9,76,97.7,73,,,0,91.6,76.8,0,153.8,26.3,101.5,137.8
여,2021.6.16,157.2,56.1,53.5,36.1,75.5,94.6,76.1,92.7,72,,,235,97.8,75.2,48.7,53.1,29.5,93,132.5
여,2021.6.16,170.7,55.3,55,34.8,70.8,101.2,74.3,95.8,82.5,,,245,85.1,70.4,44.2,49.4,32,103,145
여,2021.6.16,167.1,47,53.8,33.1,64.5,80,67.2,89.8,76,,,235,83.5,64.6,48.9,41.2,32.5,97.5,140
여,2021.6.16,157,54.9,56,35.5,81.8,2,77,95.8,72,,,235,21.4,74.8,23.9,64.2,33.5,91.5,135
여,2021.6.16,165.6,55.3,54.2,34.8,65.5,87.6,70.8,93.1,72.5,,,235,86.1,71.8,45.7,44.3,31.5,98.5,140
여,2021.6.16,170.2,60.8,55.5,35.6,0,87.4,72.6,96.4,73,,,230,91,73.8,0,151.1,23.6,101.5,135.1
여,2021.6.16,159.6,59.2,56.3,36.3,0,96.1,77.7,97.2,65.5,,,235,92,77.3,0,155.7,37.8,91,138.8
여,2021.6.16,160.4,77.6,57,39.4,62.2,105.6,96.5,107.1,70.5,,,250,6.9,90,48.7,36.2,35.5,89.5,135
여,2021.6.16,159.6,57.9,55.9,36,77,83.8,78.7,93.1,72,,,235,86.2,76.1,49.4,52.4,35.5,89.5,135
여,2021.6.16,171.7,67.3,56.5,36.7,0,89.5,78.9,103.1,84,,,250,84.6,78.4,0,138.6,20,105,135
여,2021.6.16,159.6,61.4,57.8,36.5,0,87.6,80.7,100.4,71.5,,,230,90.2,78.9,0,152,31.5,93.5,135
여,2021.6.16,167.8,55.9,55.3,34.8,0,86.6,70.2,91.7,79,,,240,87.2,71.2,0,150,26.1,98.5,134.6
여,2021.6.16,160.1,59.2,53.8,36.2,70.8,97.5,77.8,99.8,72,,,235,86.6,77,48.9,47.7,31,91.5,132.5
여,2021.6.16,165.8,61.7,57.6,35.9,0,87.2,75.9,100.6,79,,,250,89.3,76.2,0,153,24.2,100.5,134.7
여,2021.6.16,153.3,52.1,55.9,33.4,0,82.4,71.6,95.1,69.5,,,240,81.5,72.4,0,145.9,39.3,91.5,140.8
여,2021.6.16,158.3,48.5,55.3,33.3,75.3,77.6,71.1,92.1,69.5,,,240,82.5,68.2,45.2,53,30,94,134
여,2021.6.16,155.7,67.3,56.3,37.5,68.1,96,87.7,106.6,65,,,225,96.7,85.1,45.4,44.9,33.5,86.5,130
여,2021.6.16,166.4,65.4,55.2,36.5,74.1,100.8,81.7,101.1,78,,,230,94.1,79.1,51.5,49.8,34,96.5,140.5
여,2021.6.16,161.8,56.6,58.1,35.2,76.1,89.1,79.8,94.6,75.5,,,245,90.9,74,48.7,53.4,31,94.5,135.5
여,2021.6.16,167.2,90,58.5,40.8,71,112.8,107.1,109.8,70.5,,,250,106.9,98.1,57.2,43.8,34.5,98,142.5
여,2021.6.16,167.2,53.3,54.7,34.4,62.3,81,68.3,90.9,80,,,240,81.7,69.7,48,40,29,101.5,140.5
여,2021.6.16,166.3,68.3,55.5,37.1,82.3,96.5,82,98.9,75.5,,,245,93.1,81.3,45.5,61.3,33,96.5,139.5
여,2021.6.16,160.7,67,53.9,37.4,68,122.9,87.2,100.7,74.5,,,230,96,83,47,44.9,31.5,93.5,135
여,2021.6.16,167.2,59.2,53.4,35.4,63.5,81.3,71.5,97.8,66.5,,,240,86.6,73.8,49,40.9,31.5,100,141.5
여,2021.6.16,166.1,57.9,52.5,35.3,60.1,82.8,73.8,94.7,71.5,,,250,85.5,73.5,42.7,39.1,29,101,140
여,2021.6.16,162.2,56.9,51.9,35.2,66,88.9,72.3,90.5,77,,,245,87.5,74.1,47.6,42.3,31,96.5,137.5
여,2021.6.16,158.5,51.4,54.7,34.3,72.8,85.2,70.1,90.5,72,,,225,86.4,70.4,49.2,49.1,34.5,91,135.5
여,2021.6.16,166.2,65.5,55,36.5,74.1,88.9,83.2,101.5,80,,,245,89.4,79.2,48.3,51.5,34.5,96.5,141
여,2021.6.16,166.4,61.7,45.2,35.9,75.5,88.3,85.5,99.6,73,,,245,89.2,76,49.6,51.7,36,90,136
여,2021.6.16,161.2,65.9,56.9,37.3,77.6,95.7,83.9,100.2,74.5,,,230,95.9,82.2,52.2,53.6,32.5,93,135.5
여,2021.6.16,162.2,65,56,36.9,62.4,93.5,83.3,96.7,74,,,250,91,80.7,43.6,42.7,34,91,135
여,2021.6.16,169.4,57.3,55.5,35,84.4,61.5,80.8,91.8,82.5,,,250,84.2,71.7,51.2,60.1,34,99,143
여,2021.6.16,162.2,47.3,53.6,33.1,60.7,75.4,64.4,88.6,78,,,235,77.7,64.7,47.2,36.8,26.5,98.5,135
여,2021.6.16,164.7,63.6,56.7,36.3,74.5,91.2,81,100.6,77.5,,,245,92.4,78.2,49.6,52.7,33.5,97.5,141
여,2021.6.16,166.7,52.3,55.2,34.3,76.8,85.6,74.1,92.6,79,,,0,85.1,69.3,48.3,55.6,29.5,101,140.5
여,2021.6.16,166,62.3,55.6,36,76.2,87.2,81.1,97.7,76,,,240,87.8,76.6,50.9,52.2,36,93,139
여,2021.6.16,165.4,65.2,54.7,36.5,63.5,90.4,82.1,100.1,73,,,245,89.9,79.2,43.4,42.1,33.5,97,140.5
여,2021.6.16,171.7,69.9,57.5,37,79.1,96.3,82.1,103.2,79,,,250,97.2,80.8,56.8,51.4,35,99.5,144.5
여,2021.6.16,164.5,54.7,54.1,34.5,77.8,85.8,72.9,91.8,76.5,,,0,82.5,71.2,50.9,54.2,30.5,98,138.5
여,2021.6.16,162.9,52.8,56.7,34.4,73.3,83.7,74.7,92.9,75,,,245,81.7,70.6,46.1,52.3,32,94,136
여,2021.6.16,170,61.9,55.4,35.8,78.7,87.1,83.3,98.7,79.5,,,250,89.8,74.5,50,56.5,36,97.5,143.5
여,2021.6.16,162.5,70.2,55.7,37.9,76.6,99.8,85.3,104.7,76.5,,,240,97.4,85.2,53.3,52.9,31,96,137
여,2021.6.16,162.6,45.4,52.6,33,0,77.6,63,87.9,74.5,,,225,79.2,64.3,0,147,36.6,94,140.6
여,2021.6.16,160.2,52.3,56.1,34.3,70.8,80.8,70.9,95.9,74.5,,,230,84.3,70.9,44.9,50.1,30,95,135
여,2021.6.16,161.5,47.7,53.5,33.1,54.6,82.4,65,88.5,75,,,240,85.2,64.9,46.9,30.4,22.5,102.5,135
여,2021.6.16,161.6,59.9,54.6,36.1,66.5,89.8,80.5,98.5,77,,,235,88.3,77.5,50.8,42.6,30,96,136
여,2021.6.16,168.4,64.8,56.4,36.3,75.4,92.1,79.5,101.4,80,,,245,90.1,77.6,46,52.9,32.5,99.5,142
여,2021.6.16,165.7,66.2,58.9,36.7,77.4,93.1,89.8,100.6,76.5,,,250,91,80.1,50.1,54.6,36.5,92.5,139
여,2021.6.16,156.1,62.6,56.4,36.3,75,95.8,83.4,99.9,72,,,230,93.7,79.2,48.6,53.2,30,92,132
여,2021.6.16,163.9,53.2,57.3,34.5,78,85.5,75.9,92.6,77,,,245,88,71,42.4,57.5,31,96.5,137.5
여,2021.6.16,153.7,61.4,53.2,36.7,59.4,93.5,75.2,99.7,67.5,,,235,91.9,78.8,51.5,35.4,30,89,129
여,2021.6.16,172.5,79.6,58.4,38.7,80.1,102.8,92.6,106.8,79.5,,,260,100.4,88.3,52.8,56,31,105,146
여,2021.6.16,158.4,52.9,57.2,34.7,74.4,85.6,76,96.3,74.5,,,240,86,71.8,46.3,52.8,30.5,91.5,132
여,2021.6.16,161.3,52.7,56.3,34.4,75.3,81.9,72.4,94.3,76,,,0,80.3,71,41.3,58.5,32,94.5,136.5
여,2021.6.16,159.4,64.2,54.8,37.2,73.9,95.5,86.2,100.6,72.5,,,245,95.5,81.4,52.2,49.3,35,89,134
여,2021.6.16,163.7,56.5,55,34.9,76.7,87.2,74.9,94.8,75,,,250,86.5,73.3,46.4,53.1,28,98,136
여,2021.6.16,166.5,62.3,54.8,36,79.5,92.2,75.9,96.3,77.5,,,250,91.2,76.4,50.4,56.1,30,99,139
여,2021.6.16,159.9,58.5,56.2,36.1,74.5,93.6,77.6,99.7,74,,,230,91.7,76.6,43.7,54.4,29.5,94.5,134
여,2021.6.16,162.6,71,58.3,38,78.4,92.1,87.4,106.7,78,,,240,91.3,85.9,53.9,53.4,29,98.5,137.5
여,2021.6.16,173.2,72.7,56.8,37.5,86.4,89.5,90.3,103.4,78,,,250,93,82.4,59,56.7,37.5,98.5,146
여,2021.6.16,161.1,52.7,55.8,34.5,71.2,81,69.2,95.1,73,,,235,83.4,71.1,48.9,48.9,28,97,135
여,2021.6.16,164.3,62.2,54,36.2,85.9,90.8,127.7,96.8,75.5,,,245,92.3,77.4,49.5,61.6,32,98.5,140.5
여,2021.6.16,161.3,52.1,54.7,34.2,81.5,83.3,76.5,92.7,74.5,,,240,79.2,70.2,42.8,60.5,31,93,134
여,2021.6.16,167,63.5,55.5,36.2,72.9,88.8,82.9,98.2,79,,,245,89.3,77.2,46.3,53.1,37.5,94,141.5
여,2021.6.16,154.7,46.5,57.6,32.5,72.9,80.7,68.7,90.2,75,,,220,81.6,66.1,45,51.8,24.5,95,129.5
여,2021.6.16,169.4,68.6,54.8,36.9,65,96.1,88.3,99.5,80.5,,,250,94.5,80.3,45.5,42.8,33,99.5,142.5
여,2021.6.16,162.7,51,55.5,34.1,76,83.1,70.8,93.9,75.5,,,245,83.6,68.8,45.4,53.3,30,96.5,136.5
여,2021.6.16,162.7,53.1,56.4,34.4,75.1,80.9,72.9,91.6,75.5,,,240,83.8,70.8,43.8,54.4,33,94.5,137.5
여,2021.6.16,164.1,57.2,53.2,35.2,70.6,83.9,75.2,92.6,76.5,,,240,87.5,73.8,50.2,45.4,33,96.5,139.5
여,2021.6.16,158.7,64.5,53.5,37.3,66.3,93.4,83.5,100.4,70.5,,,235,93.1,82.3,56,39,32.5,90.5,133
여,2021.6.16,165.8,57.3,54.1,35.1,72.9,81.4,73.1,95.1,73.5,,,245,5.3,73.2,49.9,49.1,33,94.5,137.5
여,2021.6.16,167.1,56.5,54.2,34.9,60.9,84.5,75.3,93.6,80,,,240,85.4,72,41,41.8,33.5,98.5,142
여,2021.6.16,167.6,61.8,55.4,35.8,67.3,86.8,78.7,98.5,77.5,,,245,87.8,75.3,48,44.6,33.5,96.5,140
여,2021.6.16,167.3,62.9,58.8,36,80,90,80.5,96.8,76,,,235,88.3,76.5,46.1,58.5,34,97,141
여,2021.6.16,160.4,52.3,53.1,34.3,71.5,87.8,70.3,90.1,75,,,245,87.1,70.8,44.3,50.9,31.5,94.5,136
여,2021.6.16,155.9,71,52.8,38.4,65.6,98.5,94.1,108.1,65,,,230,97.3,86.9,47.6,42.1,33,86,129
여,2021.6.16,162.4,51.1,51.7,34.1,69.7,81.6,69.6,89.3,77,,,0,83.6,69.3,43.4,49,28.5,96.5,135
여,2021.6.16,163.5,48.6,55.7,33.6,74,78.9,66.9,87.4,78.5,,,240,79.3,66.4,47.1,51.6,30,98,138
여,2021.6.16,158,51.6,51.1,34.3,57,80.9,69.3,95,68,,,235,84,70.3,43,36.3,25,95,130
여,2021.6.16,168.9,52.8,52.8,34.3,0,80.6,70.8,90.2,80,,,245,85.2,69,0,154,26.9,100.5,137.4
여,2021.6.16,167.9,87.5,55.1,40.6,74.2,101.4,93.1,113.8,77.5,,,250,97.6,96.6,55.7,48.8,34.5,98.5,143
여,2021.6.16,160.2,66.4,54.7,37.5,74.1,94.9,83.2,97.9,66.5,,,245,95.4,82.7,54.2,49.9,33,90,133
여,2021.6.16,158.4,49.2,54.7,33.5,72.7,84.1,72.1,92.1,73.5,,,230,83.8,68.7,47,51.3,31,93,134
여,2021.6.16,170.2,62.3,54.3,35.9,69.5,85.7,72.7,98.4,79,,,260,86.3,74.8,50.7,45.2,33,100,143
여,2021.6.16,172.4,58.5,54.9,35.2,71.9,78.7,75.6,97.5,77.5,,,250,2.5,71.8,15.9,73.2,27.6,95.5,133.1
여,2021.6.16,166.9,67.8,54,36.9,82.9,92.9,81.8,100.2,80,,,230,91.7,80.7,54,59.4,32,98.5,140.5
여,2021.6.16,164.6,58.2,55,35.4,79.7,91.3,74.3,97.5,75,,,230,90.2,74.2,46.8,57.6,31,96,137
여,2021.6.16,162.8,64.8,54.8,36.8,67,91.3,75,100.3,77.5,,,245,93,80.3,48.9,44.1,27.5,99,136.5
여,2021.6.16,160.3,48.8,54.7,33.5,74.6,81.1,73.8,91.5,75,,,230,83.5,66.8,42.2,55.8,32,93,135
여,2021.6.16,168.4,59.5,54.3,35.4,68.6,2,73.3,94.1,78,,,0,89.6,73.5,47.9,46.3,31.5,99,140.5
여,2021.6.16,153.6,54.1,53.3,34.4,61.9,86.6,77.5,97.1,69,,,230,86.4,75.1,44.6,39.1,26.5,89.5,126
여,2021.6.16,161.3,51.4,56.5,34.2,73.1,86.3,67.5,94.7,79,,,230,87.9,70,44,51.8,26.5,99,135.5
여,2021.6.16,158.6,50.3,52,33.9,0,84.2,72.2,92.6,73,,,205,85,69.5,0,152.6,32,91,133
여,2021.6.16,166.1,50.6,54.6,33.8,73,79.8,67.7,91.4,78.5,,,230,81.2,67.5,41.1,52.6,30.5,100,140.5
여,2021.6.16,164,56.1,56.2,34.9,72.7,82,67.6,93.5,72.5,,,240,84,72.9,48.4,49.5,33,94.5,137.5
여,2021.6.16,165.8,50.5,54.7,33.8,64.8,78,70.7,91.7,76.5,,,240,80,67.5,47.9,41,33.5,94,137.5
여,2021.6.16,165.6,63.7,53.7,36.3,62.7,90.9,83.1,100.8,76.5,,,245,92.2,78.1,47.3,39.1,36,93.5,139.5
여,2021.6.16,167.4,52.9,51.6,34.3,0,77.9,66.7,91.4,80.5,,,0,79.1,69.5,0,146.7,32.5,102,144.5
여,2021.6.16,158.5,67.7,56.3,37.8,0,104.1,85.9,100.2,71,,,240,91.5,84.6,0,159.2,40.5,93,143.5
여,2021.6.16,159.3,60.2,56.8,36.5,74.8,92.3,79.6,98.4,74.5,,,240,92.7,78.2,49,51.7,31,93,134
여,2021.6.16,159.6,62.9,53.6,36.8,65.2,89.3,78.8,96.8,72,,,235,91,80.1,56.6,37.2,29.5,94.5,134
여,2021.6.16,173.3,56.6,53.6,34.9,69.8,80.5,70.8,95.1,83.5,,,240,82.8,70.6,47,46.8,30.5,106,146.5
여,2021.6.16,158.6,49.9,51.6,33.6,78.2,83.5,68.1,90,73.5,,,240,84.1,69.3,48.9,54.7,28,95,133
여,2021.6.16,175.9,61.2,53.1,35.8,64.7,84.3,79.3,94.9,82.5,,,250,83.6,73.3,51.7,40.3,39,101.5,150.5
여,2021.6.16,165.2,57.7,55.3,35.3,77.3,88.7,73.7,97.9,80,,,250,90.4,73.7,47.6,54.2,30.5,99,139.5
여,2021.6.16,167.4,54,55.2,34.5,59.5,84,68.2,92.3,78,,,240,85,70.3,42.4,40.2,31.5,99,140.5
여,2021.6.16,164.9,77.2,57.8,38.9,77,98.5,85.7,109.8,77,,,250,97.4,89.6,49.9,53.1,30.5,99.5,140
여,2021.6.16,169.3,51,53.1,34.1,73.2,80,71.5,87.9,80.5,,,0,78.9,67.7,42.2,50.6,30,103.5,143.5
여,2021.6.16,159.7,48.5,52,33.5,70.7,73.8,69.9,91.1,73.5,,,240,78.3,67.4,45,48.5,30.5,93,133.5
여,2021.6.16,166.8,52.9,53.2,34.4,76.7,80.6,71.6,92.7,76.5,,,240,83.2,69.7,39.3,56.4,33,97.5,140.5
여,2021.6.16,168.7,78.8,55.2,38.9,76,101.6,89.3,109,79.5,,,250,99.7,89.7,51.6,51.7,33,101,144
여,2021.6.16,155,45.4,54.4,32.5,74.8,76.5,67.2,90.2,73.5,,,245,79.2,66.1,43,55.6,27.5,92.5,130
여,2021.6.16,164.1,81.4,55.2,39.5,81.6,104.5,116.3,114.7,72.5,,,245,102.4,91.8,52.6,57.7,30,97.5,137.5
여,2021.6.16,164.8,62.2,54.8,36.1,76.5,88.4,82.5,95.3,76.5,,,250,86.3,77,49.8,52.7,33.5,95,138.5
여,2021.6.16,165.3,60.7,54,35.7,68.9,90.3,75.6,94.5,81,,,245,88.5,75.6,55.1,42.7,29.5,100.5,140
여,2021.6.16,166.5,60.1,52.6,35.5,75.9,90.8,78.5,99.8,66,,,245,88.4,74.7,41.6,55.4,31,98.5,139.5
여,2021.6.16,168.1,57,53.9,34.9,76.2,87.5,70.3,92.8,79,,,0,87.6,71.9,46.2,54,34,97,141
여,2021.6.16,165.3,46.9,55.1,33.2,81.7,78.2,70.5,88.9,78.5,,,250,77.9,64.9,46.3,58.8,33,97.5,140.5
여,2021.6.16,171.8,56.4,55.6,34.9,77,79.3,78.8,95.6,79.5,,,250,82.4,70.6,46.4,54.8,37.5,97.5,145
여,2021.6.16,166.3,79.1,59.3,39.1,71,100.7,85.2,108.6,81.5,,,255,102.6,90.5,52,46.4,30,102,142
여,2021.6.16,167.1,72.9,58.1,37.9,81.4,106.4,91.7,103.2,78,,,245,103.1,85.2,59.3,52.8,35.5,95.5,141
여,2021.6.16,162.2,53.3,55.6,34.5,71.4,84.1,70.5,97.2,74.5,,,240,85.6,71.2,43,52.2,30,97,137
여,2021.6.16,162.6,73.1,54.3,38.4,81.6,97.3,86.7,103,75.5,,,255,94.8,87.3,53.2,58.7,34,94,138
여,2021.6.16,168.9,72.4,52.7,37.7,74.6,95.9,86,104.3,77,,,240,95.5,84.2,54.5,48.9,37,94,141
여,2021.6.16,169.6,58.8,54.2,35.2,81.9,87.6,79,96.1,79.5,,,245,88.4,72.6,46.5,60.1,32,99.5,141.5
여,2021.6.16,169.9,63.7,52.5,36.1,68.1,88.3,81.2,97.9,79,,,240,89.9,76.1,49.7,45.2,37.5,96,143.5
여,2021.6.16,166.8,51.4,56.2,34.2,75.5,81.2,70.7,91,76,,,240,84.1,68.7,49,51.4,32.5,97,139.5
여,2021.6.16,165.2,62.9,56.8,36.1,73.7,95.6,75.6,102,77,,,250,96.8,77.5,52.2,49.1,30,97.5,137.5
여,2021.6.16,158.7,61.2,54.4,36.4,72.6,94.1,83.6,97.4,66,,,250,93,78.8,52.1,48.2,35,89,134
여,2021.6.16,163.4,56.5,53.1,35,62.8,88.2,78.5,93.9,77,,,240,86.7,73.4,46.7,41.2,34.5,93,137.5
여,2021.6.16,157.8,62,54.4,36.6,74.4,94.6,78.7,98.5,70.5,,,240,94.4,78.8,48.6,51.1,29.5,92,131.5
여,2021.6.16,167.4,56.2,55.2,34.8,72.5,85.7,76.7,95.5,78,,,245,88.2,71.7,47,51.1,35,95,140
여,2021.6.16,167.4,75.4,56.8,38.2,77.8,99.6,88,104.7,72,,,240,94.4,87.3,47.2,56.2,35,94.5,139.5
여,2021.6.16,165.8,50.5,54.7,33.8,64.8,78,70.7,91.7,76.5,,,240,80,67.5,47.9,41,33.5,94,137.5
여,2021.6.16,165.6,63.7,53.7,36.3,62.7,90.9,83.1,100.8,76.5,,,245,92.2,78.1,47.3,39.1,36,93.5,139.5
여,2021.6.16,167.4,52.9,51.6,34.3,0,77.9,66.7,91.4,80.5,,,0,79.1,69.5,0,146.7,32.5,102,144.5
여,2021.6.16,158.5,67.7,56.3,37.8,0,104.1,85.9,100.2,71,,,240,91.5,84.6,0,159.2,40.5,93,143.5
여,2021.6.16,159.3,60.2,56.8,36.5,74.8,92.3,79.6,98.4,74.5,,,240,92.7,78.2,49,51.7,31,93,134
여,2021.6.16,159.6,62.9,53.6,36.8,65.2,89.3,78.8,96.8,72,,,235,91,80.1,56.6,37.2,29.5,94.5,134
여,2021.6.16,173.3,56.6,53.6,34.9,69.8,80.5,70.8,95.1,83.5,,,240,82.8,70.6,47,46.8,30.5,106,146.5
여,2021.6.16,158.6,49.9,51.6,33.6,78.2,83.5,68.1,90,73.5,,,240,84.1,69.3,48.9,54.7,28,95,133
여,2021.6.16,175.9,61.2,53.1,35.8,64.7,84.3,79.3,94.9,82.5,,,250,83.6,73.3,51.7,40.3,39,101.5,150.5
여,2021.6.16,165.2,57.7,55.3,35.3,77.3,88.7,73.7,97.9,80,,,250,90.4,73.7,47.6,54.2,30.5,99,139.5
여,2021.6.16,167.4,54,55.2,34.5,59.5,84,68.2,92.3,78,,,240,85,70.3,42.4,40.2,31.5,99,140.5
여,2021.6.16,164.9,77.2,57.8,38.9,77,98.5,85.7,109.8,77,,,250,97.4,89.6,49.9,53.1,30.5,99.5,140
여,2021.6.16,169.3,51,53.1,34.1,73.2,80,71.5,87.9,80.5,,,0,78.9,67.7,42.2,50.6,30,103.5,143.5
여,2021.6.16,159.7,48.5,52,33.5,70.7,73.8,69.9,91.1,73.5,,,240,78.3,67.4,45,48.5,30.5,93,133.5
여,2021.6.16,166.8,52.9,53.2,34.4,76.7,80.6,71.6,92.7,76.5,,,240,83.2,69.7,39.3,56.4,33,97.5,140.5
여,2021.6.16,168.7,78.8,55.2,38.9,76,101.6,89.3,109,79.5,,,250,99.7,89.7,51.6,51.7,33,101,144
여,2021.6.16,155,45.4,54.4,32.5,74.8,76.5,67.2,90.2,73.5,,,245,79.2,66.1,43,55.6,27.5,92.5,130
여,2021.6.16,164.1,81.4,55.2,39.5,81.6,104.5,116.3,114.7,72.5,,,245,102.4,91.8,52.6,57.7,30,97.5,137.5
여,2021.6.16,165.8,50.5,54.7,33.8,64.8,78,70.7,91.7,76.5,,,240,80,67.5,47.9,41,33.5,94,137.5
여,2021.6.16,165.6,63.7,53.7,36.3,62.7,90.9,83.1,100.8,76.5,,,245,92.2,78.1,47.3,39.1,36,93.5,139.5
여,2021.6.16,167.4,52.9,51.6,34.3,0,77.9,66.7,91.4,80.5,,,0,79.1,69.5,0,146.7,32.5,102,144.5
여,2021.6.16,158.5,67.7,56.3,37.8,0,104.1,85.9,100.2,71,,,240,91.5,84.6,0,159.2,40.5,93,143.5
여,2021.6.16,159.3,60.2,56.8,36.5,74.8,92.3,79.6,98.4,74.5,,,240,92.7,78.2,49,51.7,31,93,134
여,2021.6.16,159.6,62.9,53.6,36.8,65.2,89.3,78.8,96.8,72,,,235,91,80.1,56.6,37.2,29.5,94.5,134
여,2021.6.16,173.3,56.6,53.6,34.9,69.8,80.5,70.8,95.1,83.5,,,240,82.8,70.6,47,46.8,30.5,106,146.5
여,2021.6.16,158.6,49.9,51.6,33.6,78.2,83.5,68.1,90,73.5,,,240,84.1,69.3,48.9,54.7,28,95,133
여,2021.6.16,175.9,61.2,53.1,35.8,64.7,84.3,79.3,94.9,82.5,,,250,83.6,73.3,51.7,40.3,39,101.5,150.5
여,2021.6.16,165.2,57.7,55.3,35.3,77.3,88.7,73.7,97.9,80,,,250,90.4,73.7,47.6,54.2,30.5,99,139.5
여,2021.6.16,167.4,54,55.2,34.5,59.5,84,68.2,92.3,78,,,240,85,70.3,42.4,40.2,31.5,99,140.5
여,2021.6.16,164.9,77.2,57.8,38.9,77,98.5,85.7,109.8,77,,,250,97.4,89.6,49.9,53.1,30.5,99.5,140
여,2021.6.16,169.3,51,53.1,34.1,73.2,80,71.5,87.9,80.5,,,0,78.9,67.7,42.2,50.6,30,103.5,143.5
여,2021.6.16,159.7,48.5,52,33.5,70.7,73.8,69.9,91.1,73.5,,,240,78.3,67.4,45,48.5,30.5,93,133.5
여,2021.6.16,166.8,52.9,53.2,34.4,76.7,80.6,71.6,92.7,76.5,,,240,83.2,69.7,39.3,56.4,33,97.5,140.5
여,2021.6.16,165.8,50.5,54.7,33.8,64.8,78,70.7,91.7,76.5,,,240,80,67.5,47.9,41,33.5,94,137.5
여,2021.6.16,165.6,63.7,53.7,36.3,62.7,90.9,83.1,100.8,76.5,,,245,92.2,78.1,47.3,39.1,36,93.5,139.5
여,2021.6.16,167.4,52.9,51.6,34.3,0,77.9,66.7,91.4,80.5,,,0,79.1,69.5,0,146.7,32.5,102,144.5
여,2021.6.16,158.5,67.7,56.3,37.8,0,104.1,85.9,100.2,71,,,240,91.5,84.6,0,159.2,40.5,93,143.5
여,2021.6.16,159.3,60.2,56.8,36.5,74.8,92.3,79.6,98.4,74.5,,,240,92.7,78.2,49,51.7,31,93,134
여,2021.6.16,159.6,62.9,53.6,36.8,65.2,89.3,78.8,96.8,72,,,235,91,80.1,56.6,37.2,29.5,94.5,134
여,2021.6.16,173.3,56.6,53.6,34.9,69.8,80.5,70.8,95.1,83.5,,,240,82.8,70.6,47,46.8,30.5,106,146.5
여,2021.6.16,158.6,49.9,51.6,33.6,78.2,83.5,68.1,90,73.5,,,240,84.1,69.3,48.9,54.7,28,95,133
여,2021.6.16,175.9,61.2,53.1,35.8,64.7,84.3,79.3,94.9,82.5,,,250,83.6,73.3,51.7,40.3,39,101.5,150.5
여,2021.6.16,165.2,57.7,55.3,35.3,77.3,88.7,73.7,97.9,80,,,250,90.4,73.7,47.6,54.2,30.5,99,139.5
여,2021.6.16,167.4,54,55.2,34.5,59.5,84,68.2,92.3,78,,,240,85,70.3,42.4,40.2,31.5,99,140.5
여,2021.6.16,164.9,77.2,57.8,38.9,77,98.5,85.7,109.8,77,,,250,97.4,89.6,49.9,53.1,30.5,99.5,140
여,2021.6.16,169.3,51,53.1,34.1,73.2,80,71.5,87.9,80.5,,,0,78.9,67.7,42.2,50.6,30,103.5,143.5
여,2021.6.16,159.7,48.5,52,33.5,70.7,73.8,69.9,91.1,73.5,,,240,78.3,67.4,45,48.5,30.5,93,133.5
여,2021.6.16,166.8,52.9,53.2,34.4,76.7,80.6,71.6,92.7,76.5,,,240,83.2,69.7,39.3,56.4,33,97.5,140.5
여,2021.6.16,168.7,78.8,55.2,38.9,76,101.6,89.3,109,79.5,,,250,99.7,89.7,51.6,51.7,33,101,144
여,2021.6.16,155,45.4,54.4,32.5,74.8,76.5,67.2,90.2,73.5,,,245,79.2,66.1,43,55.6,27.5,92.5,130
여,2021.6.16,164.1,81.4,55.2,39.5,81.6,104.5,116.3,114.7,72.5,,,245,102.4,91.8,52.6,57.7,30,97.5,137.5
여,2021.6.16,164.8,62.2,54.8,36.1,76.5,88.4,82.5,95.3,76.5,,,250,86.3,77,49.8,52.7,33.5,95,138.5
여,2021.6.16,164.9,77.2,57.8,38.9,77,98.5,85.7,109.8,77,,,250,97.4,89.6,49.9,53.1,30.5,99.5,140
여,2021.6.16,169.3,51,53.1,34.1,73.2,80,71.5,87.9,80.5,,,0,78.9,67.7,42.2,50.6,30,103.5,143.5
여,2021.6.16,159.7,48.5,52,33.5,70.7,73.8,69.9,91.1,73.5,,,240,78.3,67.4,45,48.5,30.5,93,133.5
여,2021.6.16,166.8,52.9,53.2,34.4,76.7,80.6,71.6,92.7,76.5,,,240,83.2,69.7,39.3,56.4,33,97.5,140.5
여,2021.6.16,164.9,77.2,57.8,38.9,77,98.5,85.7,109.8,77,,,250,97.4,89.6,49.9,53.1,30.5,99.5,140
여,2021.6.16,164.9,77.2,57.8,38.9,77,98.5,85.7,109.8,77,,,250,97.4,89.6,49.9,53.1,30.5,99.5,140
여,2021.6.16,169.3,51,53.1,34.1,73.2,80,71.5,87.9,80.5,,,0,78.9,67.7,42.2,50.6,30,103.5,143.5
여,2021.6.16,159.7,48.5,52,33.5,70.7,73.8,69.9,91.1,73.5,,,240,78.3,67.4,45,48.5,30.5,93,133.5
여,2021.6.16,166.8,52.9,53.2,34.4,76.7,80.6,71.6,92.7,76.5,,,240,83.2,69.7,39.3,56.4,33,97.5,140.5
여,2021.6.16,165.8,50.5,54.7,33.8,64.8,78,70.7,91.7,76.5,,,240,80,67.5,47.9,41,33.5,94,137.5
여,2021.6.16,165.6,63.7,53.7,36.3,62.7,90.9,83.1,100.8,76.5,,,245,92.2,78.1,47.3,39.1,36,93.5,139.5